,,Butte,Butte,Shasta,Shasta,Humboldt,Humboldt,"Del Norte, Siskiyou, Lassen, Trinity, Modoc, Plumas, Sierra","Del Norte, Siskiyou, Lassen, Trinity, Modoc, Plumas, Sierra",Mendocino,Mendocino,Lake,Lake,"Tehama, Glenn, Colusa","Tehama, Glenn, Colusa",Sutter,Sutter,Yuba,Yuba,Nevada,Nevada,"Tuolumne, Calaveras, Amador, Inyo, Mariposa, Mono, Alpine","Tuolumne, Calaveras, Amador, Inyo, Mariposa, Mono, Alpine",Santa Clara,Santa Clara,Alameda,Alameda,Contra Costa,Contra Costa,San Francisco,San Francisco,San Mateo,San Mateo,Sonoma,Sonoma,Solano,Solano,Marin,Marin,Napa,Napa,Sacramento,Sacramento,Placer,Placer,Yolo,Yolo,El Dorado,El Dorado,Fresno,Fresno,Kern,Kern,San Joaquin,San Joaquin,Stanislaus,Stanislaus,Tulare,Tulare,Merced,Merced,Kings,Kings,Madera,Madera,Ventura,Ventura,Santa Barbara,Santa Barbara,Santa Cruz,Santa Cruz,San Luis Obispo,San Luis Obispo,Monterey,Monterey,San Benito,San Benito,Los Angeles,Los Angeles,Orange,Orange,San Diego,San Diego,San Bernardino,San Bernardino,Riverside,Riverside,Imperial,Imperial,All,All
BMI,Year,%,Population,%,Population,%,Population,%,Population,%,Population,%,Population,%,Population,%,Population,%,Population,%,Population,%,Population,%,Population,%,Population,%,Population,%,Population,%,Population,%,Population,%,Population,%,Population,%,Population,%,Population,%,Population,%,Population,%,Population,%,Population,%,Population,%,Population,%,Population,%,Population,%,Population,%,Population,%,Population,%,Population,%,Population,%,Population,%,Population,%,Population,%,Population,%,Population,%,Population,%,Population,%,Population,%,Population,%,Population,%,Population
0 - 18.49 (Underweight,2011,3.1*,"5,000",2.1*,"3,000",-,-,5.0*,"6,000",4.1*,"3,000",-,-,0.8*,"1,000",1.2*,"1,000",-,-,0.8*,"1,000",0.8*,"1,000",1.3*,"18,000",1.1*,"12,000",0.9*,"7,000",4.4*,"29,000",3.8*,"21,000",1.0*,"4,000",0.9*,"3,000",2.4*,"5,000",1.5*,"1,000",1.0*,"11,000",1.0*,"3,000",-,-,1.2*,"2,000",1.0*,"7,000",0.6*,"3,000",0.8*,"4,000",-,-,1.4*,"4,000",2.2*,"4,000",-,-,1.5*,"2,000",-,-,0.6*,"2,000",0.6*,"1,000",2.6*,"5,000",2.5*,"7,000",-,-,2.00%,"144,000",1.90%,"44,000",2.20%,"49,000",1.1*,"15,000",1.2*,"18,000",-,-,1.60%,"448,000"
0 - 18.49 (Underweight,2012,2.1*,"4,000",-,-,1.1*,"1,000",4.2*,"5,000",1.1*,"1,000",1.3*,"1,000",1.9*,"2,000",-,-,-,-,-,-,2.1*,"3,000",1.9*,"25,000",2.0*,"23,000",-,-,0.4*,"2,000",0.9*,"5,000",-,-,-,-,0.8*,"2,000",3.4*,"3,000",1.3*,"14,000",0.5*,"1,000",1.0*,"2,000",-,-,1.9*,"12,000",-,-,-,-,2.8*,"10,000",0.6*,"2,000",1.2*,"2,000",-,-,-,-,-,-,1.3*,"4,000",2.5*,"5,000",1.3*,"3,000",0.4*,"1,000",-,-,1.90%,"140,000",2.5*,"57,000",1.50%,"35,000",1.0*,"15,000",2.40%,"39,000",0.4*,"1,000",1.60%,"448,000"
0 - 18.49 (Underweight,2013,-,-,1.0*,"1,000",-,-,0.6*,"1,000",3.0*,"2,000",4.1*,"2,000",-,-,-,-,-,-,0.7*,"1,000",1.2*,"2,000",2.0*,"27,000",1.5*,"18,000",0.7*,"5,000",3.1*,"21,000",1.4*,"8,000",1.4*,"5,000",-,-,0.8*,"1,000",-,-,2.0*,"22,000",0.4*,"1,000",0.3*,"1,000",1.2*,"2,000",0.2*,"1,000",-,-,4.0*,"20,000",-,-,-,-,0.6*,"1,000",-,-,-,-,1.3*,"8,000",0.3*,"1,000",0.7*,"1,000",2.9*,"6,000",1.4*,"4,000",-,-,0.90%,"67,000",1.7*,"40,000",1.20%,"29,000",1.0*,"14,000",2.3*,"37,000",1.1*,"1,000",1.30%,"359,000"
0 - 18.49 (Underweight,2014,-,-,-,-,-,-,-,-,1.5*,"1,000",2.2*,"1,000",2.4*,"2,000",2.4*,"2,000",-,-,-,-,0.6*,"1,000",2.0*,"29,000",0.9*,"10,000",2.2*,"18,000",1.2*,"8,000",0.4*,"2,000",2.9*,"11,000",1.6*,"5,000",1.2*,"2,000",-,-,2.4*,"26,000",4.4*,"13,000",0.8*,"1,000",-,-,1.9*,"13,000",-,-,0.8*,"4,000",-,-,-,-,-,-,-,-,-,-,1.3*,"8,000",1.9*,"6,000",0.3*,"1,000",-,-,-,-,-,-,1.70%,"129,000",3.3*,"79,000",2.2*,"52,000",1.1*,"16,000",0.3*,"5,000",2.2*,"3,000",1.60%,"460,000"
0 - 18.49 (Underweight,2015,1.1*,"2,000",-,-,2.4*,"3,000",-,-,3.3*,"2,000",3.9*,"2,000",3.3*,"3,000",1.8*,"1,000",2.3*,"1,000",0.9*,"1,000",1.4*,"2,000",1.3*,"19,000",0.6*,"7,000",2.4*,"20,000",4.4*,"32,000",1.3*,"8,000",0.9*,"3,000",0.9*,"3,000",4.2*,"8,000",1.2*,"1,000",1.1*,"12,000",2.2*,"6,000",1.5*,"2,000",0.5*,"1,000",2.2*,"15,000",0.3*,"2,000",3.7*,"19,000",1.4*,"6,000",-,-,1.4*,"3,000",-,-,3.5*,"4,000",2.3*,"15,000",0.8*,"2,000",2.2*,"5,000",3.1*,"7,000",0.6*,"2,000",-,-,2.40%,"184,000",2.5*,"60,000",1.8*,"43,000",1.9*,"29,000",2.4*,"40,000",2.0*,"2,000",2.00%,"583,000"
0 - 18.49 (Underweight,2016,1.8*,"3,000",-,-,4.3*,"5,000",0.8*,"1,000",-,-,-,-,1.7*,"1,000",1.6*,"1,000",-,-,2.6*,"2,000",-,-,4.2*,"62,000",1.0*,"12,000",3.0*,"26,000",5.2*,"38,000",0.2*,"1,000",1.7*,"7,000",-,-,0.8*,"2,000",5.7*,"6,000",2.4*,"27,000",1.9*,"6,000",1.6*,"3,000",0.6*,"1,000",1.0*,"7,000",0.8*,"5,000",0.9*,"5,000",1.6*,"6,000",1.3*,"4,000",0.6*,"1,000",1.9*,"2,000",1.0*,"1,000",2.2*,"14,000",-,-,1.2*,"3,000",-,-,3.3*,"10,000",-,-,1.6*,"126,000",2.7*,"66,000",1.5*,"38,000",1.8*,"27,000",1.3*,"22,000",2.9*,"4,000",1.90%,"549,000"
0 - 18.49 (Underweight,2017,0.8*,"1,000",0.5*,"1,000",0.8*,"1,000",0.8*,"1,000",1.5*,"1,000",1.6*,"1,000",2.3*,"2,000",1.7*,"1,000",1.8*,"1,000",2.1*,"2,000",3.1*,"4,000",1.4*,"21,000",2.3*,"29,000",2.8*,"26,000",2.2*,"15,000",4.7*,"31,000",5.2*,"20,000",2.3*,"7,000",1.0*,"2,000",1.9*,"2,000",2.5*,"29,000",1.4*,"5,000",-,-,8.4*,"10,000",1.0*,"7,000",1.5*,"8,000",-,-,1.2*,"5,000",-,-,0.4*,"1,000",1.7*,"2,000",2.8*,"3,000",1.1*,"8,000",4.7*,"16,000",0.6*,"1,000",-,-,4.0*,"12,000",1.8*,"1,000",1.9*,"146,000",2.9*,"71,000",2.9*,"69,000",1.4*,"21,000",2.3*,"40,000",3.2*,"4,000",2.20%,"635,000"
0 - 18.49 (Underweight,2018,1.8*,"3,000",0.5*,"1,000",1.9*,"2,000",1.3*,"1,000",1.9*,"1,000",3.8*,"2,000",-,-,0.7*,"1,000",0.9*,"1,000",2.6*,"2,000",1.2*,"2,000",3.9*,"58,000",1.8*,"23,000",2.4*,"23,000",2.1*,"15,000",0.9*,"6,000",-,-,1.5*,"4,000",2.6*,"4,000",-,-,3.9*,"45,000",1.3*,"4,000",0.9*,"2,000",2.3*,"3,000",3.6*,"26,000",1.3*,"9,000",2.4*,"15,000",0.6*,"2,000",0.5*,"1,000",2.0*,"3,000",0.9*,"1,000",0.7*,"1,000",1.0*,"6,000",2.6*,"10,000",2.9*,"6,000",0.3*,"1,000",-,-,3.8*,"2,000",3.30%,"258,000",2.9*,"71,000",2.10%,"51,000",2.2*,"34,000",1.4*,"25,000",2.3*,"3,000",2.50%,"733,000"
0 - 18.49 (Underweight,2019,2.50%,"4,000",1.0*,"1,000",-,-,5.6*,"5,000",-,-,-,-,-,-,5.5*,"4,000",1.4*,"1,000",-,-,0.5*,"1,000",2.90%,"42,000",3.4*,"43,000",0.60%,"5,000",4.00%,"29,000",3.8*,"22,000",5.0*,"20,000",-,-,1.3*,"3,000",1.1*,"1,000",2.80%,"32,000",-,-,0.7*,"1,000",9.0*,"14,000",2.9*,"21,000",4.1*,"25,000",2.30%,"13,000",6.0*,"24,000",-,-,0.5*,"1,000",2.5*,"2,000",0.9*,"1,000",0.9*,"6,000",6.00%,"21,000",1.3*,"3,000",1.8*,"3,000",8.8*,"27,000",-,-,2.50%,"196,000",2.40%,"57,000",2.50%,"61,000",2.80%,"43,000",2.60%,"47,000",-,-,2.60%,"785,000"
0 - 18.49 (Underweight,2020,1.9*,"3,000",1.9*,"2,000",2.0*,"2,000",-,-,-,-,2.4*,"1,000",2.2*,"2,000",1.3*,"1,000",-,-,-,-,1.3*,"2,000",1.90%,"28,000",2.50%,"32,000",2.50%,"23,000",1.50%,"11,000",-,-,1.1*,"4,000",-,-,1.9*,"4,000",-,-,1.70%,"20,000",0.4*,"1,000",0.9*,"2,000",2.6*,"4,000",0.7*,"5,000",0.3*,"2,000",-,-,-,-,2.0*,"7,000",1.8*,"4,000",1.7*,"2,000",-,-,1.50%,"10,000",1.80%,"6,000",0.9*,"2,000",4.9*,"9,000",1.0*,"3,000",-,-,2.70%,"209,000",2.10%,"50,000",2.30%,"56,000",2.1*,"33,000",2.80%,"51,000",2.8*,"3,000",2.10%,"631,000"
0 - 18.49 (Underweight,2021,-,-,-,-,4.8*,"5,000",-,-,1.9*,"1,000",-,-,2.4*,"2,000",-,-,1.7*,"1,000",1.4*,"1,000",2.1*,"3,000",1.20%,"18,000",3.60%,"46,000",1.1*,"10,000",2.20%,"16,000",1.7*,"10,000",4.2*,"15,000",0.5*,"2,000",2.30%,"5,000",0.7*,"1,000",1.50%,"18,000",0.6*,"2,000",2.9*,"5,000",2.5*,"4,000",1.1*,"8,000",1.2*,"8,000",4.4*,"24,000",2.0*,"8,000",5.0*,"17,000",1.4*,"3,000",1.1*,"1,000",1.8*,"2,000",4.00%,"26,000",1.30%,"4,000",1.0*,"2,000",0.9*,"2,000",0.5*,"1,000",-,-,2.40%,"189,000",2.70%,"65,000",2.60%,"62,000",1.10%,"17,000",1.90%,"33,000",1.2*,"1,000",2.20%,"640,000"
0 - 18.49 (Underweight,2022,2.5*,"4,000",-,-,-,-,-,-,1.6*,"1,000",3.0*,"2,000",-,-,1.6*,"1,000",-,-,3.30%,"3,000",-,-,4.40%,"64,000",2.30%,"29,000",-,-,0.8*,"5,000",0.9*,"5,000",6.70%,"26,000",2.3*,"8,000",5.0*,"10,000",1.9*,"2,000",1.00%,"12,000",1.6*,"5,000",12.0*,"20,000",1.7*,"3,000",2.1*,"15,000",2.7*,"17,000",0.8*,"4,000",0.6*,"3,000",1.0*,"3,000",-,-,-,-,4.2*,"5,000",3.40%,"22,000",3.0*,"10,000",1.6*,"3,000",-,-,-,-,-,-,2.20%,"169,000",2.20%,"53,000",2.30%,"56,000",1.70%,"28,000",2.10%,"38,000",2.5*,"3,000",2.20%,"642,000"
0 - 18.49 (Underweight,2023,1.9*,"3,000",2.1*,"3,000",4.6*,"5,000",0.9*,"1,000",2.1*,"1,000",2.7*,"1,000",3.6*,"3,000",2.2*,"2,000",2.2*,"1,000",0.9*,"1,000",1.8*,"3,000",2.00%,"29,000",2.70%,"33,000",1.00%,"9,000",3.40%,"23,000",0.7*,"4,000",4.2*,"16,000",1.2*,"4,000",0.7*,"1,000",2.5*,"3,000",2.30%,"27,000",2.6*,"9,000",1.5*,"3,000",0.6*,"1,000",1.5*,"11,000",-,-,4.3*,"25,000",-,-,1.7*,"6,000",-,-,-,-,-,-,3.60%,"23,000",4.00%,"13,000",-,-,3.0*,"6,000",0.4*,"1,000",-,-,2.50%,"182,000",3.00%,"72,000",1.40%,"33,000",1.6*,"26,000",1.00%,"18,000",-,-,2.10%,"612,000"
18.5 - 22.99 (Increasing but acceptable risk,2011,18.40%,"31,000",16.20%,"22,000",17.30%,"18,000",16.10%,"18,000",23.60%,"16,000",13.40%,"7,000",16.70%,"14,000",28.40%,"19,000",17.50%,"9,000",27.50%,"22,000",24.30%,"36,000",27.30%,"364,000",24.50%,"278,000",18.20%,"145,000",30.50%,"204,000",25.20%,"141,000",24.10%,"87,000",16.60%,"50,000",30.20%,"58,000",17.70%,"17,000",21.20%,"220,000",17.20%,"45,000",36.00%,"53,000",25.60%,"37,000",15.10%,"98,000",13.80%,"75,000",15.60%,"70,000",16.80%,"59,000",13.70%,"42,000",11.50%,"20,000",9.90%,"9,000",15.80%,"16,000",20.70%,"126,000",25.00%,"76,000",18.00%,"35,000",25.10%,"50,000",13.40%,"38,000",11.9*,"5,000",21.60%,"1,557,000",26.00%,"585,000",22.60%,"505,000",15.40%,"221,000",21.60%,"337,000",12.50%,"15,000",21.50%,"5,850,000"
18.5 - 22.99 (Increasing but acceptable risk,2012,24.10%,"41,000",13.90%,"19,000",23.90%,"25,000",12.20%,"13,000",25.80%,"17,000",14.2*,"7,000",18.60%,"15,000",13.7*,"9,000",17.10%,"9,000",21.90%,"17,000",31.70%,"46,000",27.10%,"370,000",27.60%,"320,000",19.90%,"160,000",36.30%,"247,000",27.70%,"157,000",23.30%,"87,000",18.60%,"56,000",33.70%,"65,000",20.40%,"21,000",21.80%,"231,000",22.50%,"61,000",17.90%,"27,000",24.00%,"34,000",15.40%,"100,000",15.40%,"86,000",12.90%,"62,000",14.00%,"52,000",8.9*,"27,000",21.70%,"38,000",7.6*,"7,000",7.2*,"7,000",25.80%,"159,000",17.70%,"55,000",23.10%,"46,000",31.20%,"63,000",20.60%,"59,000",14.0*,"6,000",22.40%,"1,660,000",27.20%,"627,000",22.60%,"524,000",12.40%,"179,000",18.20%,"290,000",16.1*,"18,000",22.00%,"6,122,000"
18.5 - 22.99 (Increasing but acceptable risk,2013,27.50%,"47,000",22.70%,"31,000",21.80%,"23,000",19.70%,"22,000",17.40%,"12,000",17.10%,"9,000",23.30%,"20,000",15.5*,"11,000",10.4*,"5,000",20.90%,"17,000",27.80%,"40,000",23.20%,"320,000",21.40%,"251,000",21.40%,"175,000",35.80%,"246,000",19.90%,"114,000",19.30%,"73,000",26.60%,"83,000",35.80%,"70,000",19.50%,"20,000",22.40%,"238,000",20.10%,"56,000",28.60%,"44,000",18.30%,"26,000",18.20%,"120,000",14.80%,"84,000",16.20%,"80,000",13.40%,"51,000",14.30%,"44,000",13.30%,"24,000",6.20%,"6,000",16.30%,"16,000",27.70%,"172,000",18.70%,"59,000",20.50%,"42,000",21.20%,"43,000",19.70%,"57,000",18.80%,"8,000",21.00%,"1,578,000",24.30%,"567,000",22.90%,"537,000",13.70%,"200,000",20.70%,"334,000",12.00%,"14,000",21.30%,"5,986,000"
18.5 - 22.99 (Increasing but acceptable risk,2014,15.00%,"26,000",15.60%,"21,000",13.2*,"14,000",17.30%,"19,000",14.20%,"10,000",17.20%,"9,000",18.50%,"16,000",29.80%,"21,000",11.50%,"6,000",22.80%,"18,000",19.60%,"29,000",19.10%,"268,000",24.90%,"299,000",25.60%,"213,000",30.30%,"210,000",11.20%,"65,000",18.60%,"71,000",15.7*,"49,000",37.70%,"75,000",22.70%,"24,000",19.60%,"211,000",16.2*,"46,000",28.80%,"45,000",25.20%,"37,000",9.00%,"60,000",13.2*,"76,000",11.10%,"56,000",18.10%,"69,000",12.2*,"38,000",13.70%,"25,000",10.0*,"10,000",16.50%,"17,000",17.20%,"109,000",23.20%,"74,000",28.20%,"58,000",31.40%,"65,000",14.00%,"41,000",16.0*,"7,000",19.80%,"1,497,000",20.40%,"483,000",23.20%,"550,000",10.30%,"153,000",19.20%,"317,000",9.50%,"11,000",19.30%,"5,514,000"
18.5 - 22.99 (Increasing but acceptable risk,2015,14.8*,"26,000",25.80%,"36,000",19.50%,"20,000",23.1*,"25,000",29.70%,"20,000",16.0*,"8,000",9.3*,"8,000",17.8*,"13,000",13.30%,"7,000",28.30%,"23,000",15.7*,"23,000",23.90%,"345,000",22.40%,"276,000",18.90%,"161,000",28.40%,"204,000",17.20%,"101,000",25.60%,"99,000",11.6*,"37,000",25.00%,"50,000",15.4*,"16,000",19.10%,"211,000",16.40%,"47,000",22.0*,"36,000",33.1*,"48,000",14.50%,"99,000",11.90%,"71,000",16.00%,"83,000",16.10%,"62,000",12.9*,"41,000",15.0*,"28,000",11.3*,"10,000",19.10%,"20,000",17.40%,"111,000",19.20%,"63,000",24.4*,"51,000",20.60%,"44,000",12.80%,"39,000",13.0*,"5,000",19.80%,"1,513,000",28.50%,"689,000",22.80%,"554,000",12.30%,"187,000",15.20%,"259,000",8.7*,"10,000",19.90%,"5,780,000"
18.5 - 22.99 (Increasing but acceptable risk,2016,21.80%,"39,000",18.3*,"25,000",28.00%,"30,000",14.6*,"16,000",19.50%,"13,000",23.60%,"12,000",12.8*,"11,000",16.1*,"12,000",10.8*,"6,000",24.00%,"19,000",21.30%,"31,000",25.10%,"366,000",20.60%,"258,000",19.70%,"171,000",24.60%,"177,000",28.80%,"171,000",24.4*,"96,000",9.0*,"29,000",18.4*,"37,000",11.7*,"13,000",12.30%,"138,000",14.5*,"42,000",29.20%,"48,000",20.6*,"30,000",11.7*,"81,000",16.40%,"99,000",18.70%,"98,000",9.50%,"37,000",17.1*,"55,000",12.1*,"23,000",11.2*,"10,000",10.9*,"11,000",17.20%,"111,000",27.30%,"90,000",20.70%,"44,000",17.60%,"38,000",12.5*,"38,000",18.4*,"8,000",18.80%,"1,448,000",22.10%,"537,000",21.90%,"536,000",17.30%,"266,000",14.70%,"256,000",9.5*,"12,000",19.00%,"5,589,000"
18.5 - 22.99 (Increasing but acceptable risk,2017,20.2*,"38,000",25.3*,"34,000",19.30%,"19,000",17.6*,"18,000",15.7*,"10,000",19.0*,"9,000",22.9*,"21,000",16.9*,"12,000",24.4*,"17,000",27.7*,"22,000",17.5*,"24,000",26.20%,"383,000",25.10%,"316,000",22.00%,"202,000",37.40%,"255,000",23.60%,"156,000",17.2*,"66,000",21.0*,"61,000",30.40%,"61,000",19.6*,"17,000",25.80%,"291,000",27.90%,"92,000",27.4*,"44,000",22.0*,"26,000",13.0*,"90,000",15.8*,"87,000",17.8*,"100,000",12.3*,"53,000",13.8*,"46,000",20.5*,"34,000",17.7*,"17,000",10.4*,"10,000",18.30%,"127,000",25.4*,"87,000",26.1*,"47,000",25.10%,"44,000",16.30%,"49,000",16.2*,"6,000",21.70%,"1,690,000",23.50%,"570,000",22.80%,"551,000",16.70%,"256,000",17.60%,"306,000",11.0*,"13,000",21.70%,"6,380,000"
18.5 - 22.99 (Increasing but acceptable risk,2018,20.5*,"34,000",16.10%,"23,000",26.10%,"25,000",13.4*,"14,000",23.30%,"17,000",23.10%,"13,000",10.7*,"9,000",19.00%,"15,000",13.7*,"8,000",27.10%,"24,000",21.80%,"30,000",25.30%,"374,000",23.70%,"301,000",21.90%,"204,000",31.70%,"223,000",20.90%,"130,000",21.80%,"89,000",19.3*,"56,000",24.40%,"42,000",23.3*,"27,000",21.50%,"245,000",20.40%,"62,000",26.60%,"45,000",29.0*,"43,000",12.10%,"85,000",16.30%,"108,000",18.10%,"111,000",19.20%,"70,000",16.6*,"48,000",11.1*,"17,000",24.3*,"28,000",21.7*,"18,000",24.00%,"146,000",24.70%,"94,000",20.30%,"40,000",27.50%,"55,000",23.40%,"72,000",15.8*,"7,000",19.70%,"1,536,000",30.80%,"753,000",23.20%,"565,000",18.90%,"293,000",15.30%,"271,000",13.5*,"16,000",21.50%,"6,386,000"
18.5 - 22.99 (Increasing but acceptable risk,2019,21.90%,"36,000",14.60%,"20,000",30.50%,"32,000",13.60%,"13,000",16.90%,"12,000",13.40%,"6,000",14.30%,"12,000",18.10%,"14,000",12.00%,"7,000",29.80%,"23,000",19.80%,"30,000",23.60%,"348,000",23.70%,"299,000",19.80%,"176,000",33.90%,"246,000",30.40%,"181,000",25.40%,"103,000",12.20%,"40,000",38.20%,"74,000",21.60%,"21,000",19.30%,"222,000",13.30%,"40,000",18.40%,"31,000",22.70%,"36,000",12.90%,"93,000",12.40%,"76,000",11.20%,"62,000",11.20%,"45,000",5.00%,"17,000",22.30%,"44,000",9.50%,"9,000",12.40%,"13,000",18.60%,"120,000",23.30%,"81,000",29.70%,"68,000",21.00%,"40,000",21.40%,"65,000",14.60%,"4,000",20.40%,"1,573,000",24.60%,"599,000",22.50%,"549,000",13.70%,"214,000",14.60%,"262,000",14.10%,"18,000",20.10%,"5,973,000"
18.5 - 22.99 (Increasing but acceptable risk,2020,24.40%,"40,000",15.10%,"20,000",22.40%,"23,000",21.00%,"23,000",14.50%,"10,000",18.20%,"9,000",11.60%,"10,000",19.50%,"15,000",37.40%,"21,000",29.50%,"22,000",18.20%,"27,000",27.20%,"401,000",27.10%,"342,000",20.10%,"179,000",34.60%,"251,000",24.60%,"147,000",15.50%,"60,000",25.10%,"82,000",26.80%,"54,000",22.30%,"24,000",18.00%,"209,000",22.00%,"68,000",27.70%,"47,000",22.70%,"36,000",12.70%,"92,000",12.40%,"76,000",11.40%,"64,000",11.30%,"46,000",8.10%,"27,000",9.70%,"20,000",17.40%,"18,000",21.90%,"24,000",22.00%,"143,000",23.80%,"78,000",29.30%,"62,000",18.80%,"34,000",22.20%,"69,000",14.50%,"7,000",19.40%,"1,495,000",22.30%,"542,000",23.10%,"562,000",13.10%,"206,000",17.40%,"316,000",12.30%,"15,000",20.30%,"6,015,000"
18.5 - 22.99 (Increasing but acceptable risk,2021,24.40%,"39,000",17.20%,"23,000",23.20%,"23,000",30.50%,"32,000",28.40%,"20,000",9.90%,"5,000",11.60%,"10,000",9.10%,"6,000",12.70%,"7,000",33.30%,"25,000",17.30%,"26,000",25.90%,"385,000",24.60%,"314,000",17.30%,"154,000",33.30%,"243,000",27.70%,"167,000",20.60%,"76,000",15.50%,"53,000",30.10%,"60,000",19.70%,"21,000",18.40%,"213,000",21.30%,"67,000",23.70%,"39,000",26.00%,"40,000",16.40%,"117,000",15.90%,"96,000",14.10%,"78,000",19.00%,"77,000",10.80%,"36,000",15.90%,"31,000",12.00%,"11,000",9.20%,"10,000",18.50%,"118,000",20.60%,"68,000",25.30%,"51,000",20.20%,"42,000",21.80%,"66,000",20.90%,"10,000",19.60%,"1,519,000",23.60%,"571,000",23.60%,"572,000",15.60%,"242,000",18.00%,"324,000",12.40%,"15,000",20.60%,"6,102,000"
18.5 - 22.99 (Increasing but acceptable risk,2022,19.50%,"31,000",17.50%,"24,000",17.40%,"18,000",16.20%,"17,000",19.00%,"13,000",24.30%,"12,000",15.20%,"14,000",19.00%,"15,000",9.90%,"6,000",21.30%,"17,000",15.80%,"23,000",28.40%,"412,000",22.80%,"289,000",18.40%,"166,000",32.60%,"222,000",24.80%,"144,000",23.10%,"89,000",10.30%,"35,000",28.50%,"57,000",19.30%,"19,000",19.80%,"235,000",21.30%,"71,000",20.00%,"33,000",31.60%,"48,000",12.90%,"92,000",9.90%,"60,000",16.90%,"97,000",12.30%,"50,000",11.60%,"39,000",20.30%,"41,000",13.60%,"13,000",10.40%,"11,000",13.60%,"87,000",25.00%,"82,000",20.10%,"40,000",32.60%,"70,000",20.50%,"62,000",11.30%,"6,000",19.90%,"1,507,000",25.10%,"609,000",23.30%,"563,000",14.70%,"232,000",14.80%,"269,000",10.10%,"12,000",20.10%,"5,955,000"
18.5 - 22.99 (Increasing but acceptable risk,2023,18.80%,"30,000",19.50%,"27,000",14.60%,"15,000",27.50%,"28,000",17.80%,"13,000",14.50%,"8,000",18.10%,"16,000",12.40%,"9,000",7.30%,"4,000",21.40%,"18,000",12.60%,"19,000",26.30%,"379,000",28.20%,"348,000",19.90%,"177,000",33.60%,"228,000",24.90%,"143,000",29.30%,"111,000",18.80%,"64,000",25.60%,"52,000",18.90%,"20,000",18.10%,"214,000",21.90%,"71,000",21.80%,"38,000",20.00%,"30,000",14.20%,"102,000",11.80%,"75,000",19.30%,"111,000",7.90%,"31,000",16.30%,"54,000",18.60%,"37,000",10.10%,"10,000",16.60%,"19,000",18.20%,"114,000",22.00%,"70,000",18.50%,"39,000",20.80%,"43,000",11.40%,"35,000",15.80%,"8,000",21.10%,"1,563,000",22.70%,"542,000",24.50%,"581,000",14.90%,"235,000",15.90%,"293,000",21.2*,"25,000",20.70%,"6,046,000"
23.0 - 27.49 (Increased risk,2011,35.60%,"61,000",41.20%,"56,000",38.80%,"40,000",32.40%,"36,000",34.40%,"23,000",45.80%,"23,000",27.40%,"23,000",33.70%,"22,000",35.50%,"18,000",42.70%,"35,000",39.90%,"59,000",39.50%,"526,000",36.70%,"415,000",39.20%,"314,000",44.10%,"294,000",47.00%,"262,000",33.90%,"122,000",29.70%,"89,000",43.40%,"83,000",33.60%,"33,000",34.90%,"362,000",41.60%,"109,000",36.90%,"55,000",33.30%,"48,000",34.20%,"223,000",32.30%,"177,000",32.70%,"147,000",35.00%,"122,000",22.30%,"68,000",30.40%,"53,000",39.30%,"37,000",33.30%,"34,000",38.60%,"236,000",37.50%,"115,000",40.30%,"79,000",38.70%,"77,000",41.70%,"117,000",33.70%,"13,000",35.40%,"2,550,000",35.60%,"799,000",39.20%,"878,000",33.10%,"475,000",32.70%,"509,000",33.90%,"40,000",36.20%,"9,858,000"
23.0 - 27.49 (Increased risk,2012,36.50%,"62,000",42.90%,"59,000",26.80%,"28,000",34.20%,"37,000",35.50%,"24,000",37.10%,"19,000",30.80%,"25,000",36.80%,"25,000",33.40%,"17,000",42.40%,"33,000",33.50%,"49,000",38.00%,"517,000",35.10%,"407,000",36.60%,"294,000",41.90%,"285,000",40.80%,"231,000",39.90%,"149,000",39.00%,"119,000",44.20%,"86,000",42.50%,"43,000",38.50%,"406,000",40.00%,"109,000",37.00%,"57,000",44.30%,"62,000",31.50%,"205,000",29.50%,"164,000",40.00%,"194,000",37.80%,"140,000",38.80%,"118,000",27.20%,"48,000",39.20%,"37,000",51.30%,"51,000",29.20%,"180,000",46.30%,"144,000",38.10%,"76,000",37.30%,"75,000",37.30%,"108,000",34.30%,"14,000",34.40%,"2,543,000",36.20%,"834,000",38.80%,"901,000",38.20%,"551,000",32.10%,"511,000",21.40%,"24,000",36.20%,"10,062,000"
23.0 - 27.49 (Increased risk,2013,32.40%,"55,000",37.50%,"51,000",33.50%,"35,000",33.20%,"37,000",44.50%,"30,000",39.70%,"20,000",29.50%,"25,000",29.90%,"21,000",35.30%,"18,000",49.50%,"39,000",35.30%,"51,000",41.00%,"567,000",40.20%,"473,000",36.20%,"296,000",35.80%,"245,000",42.50%,"242,000",37.60%,"142,000",26.20%,"81,000",35.00%,"68,000",43.00%,"44,000",32.20%,"342,000",44.30%,"122,000",39.40%,"61,000",45.00%,"64,000",36.00%,"237,000",36.10%,"205,000",38.20%,"188,000",25.80%,"97,000",31.00%,"95,000",36.70%,"66,000",31.70%,"30,000",40.40%,"41,000",34.70%,"216,000",41.90%,"132,000",48.40%,"98,000",35.00%,"71,000",38.40%,"111,000",42.50%,"18,000",37.60%,"2,824,000",36.60%,"856,000",38.60%,"908,000",32.20%,"470,000",35.50%,"573,000",22.20%,"26,000",36.90%,"10,394,000"
23.0 - 27.49 (Increased risk,2014,37.90%,"66,000",41.10%,"57,000",40.90%,"42,000",43.80%,"48,000",42.00%,"28,000",31.20%,"16,000",30.70%,"26,000",17.10%,"12,000",33.20%,"17,000",40.90%,"33,000",38.60%,"56,000",41.50%,"584,000",32.90%,"395,000",37.10%,"309,000",42.10%,"292,000",36.70%,"212,000",36.50%,"140,000",32.50%,"102,000",41.70%,"83,000",33.40%,"35,000",35.90%,"387,000",42.60%,"120,000",28.00%,"44,000",26.20%,"38,000",32.30%,"216,000",19.80%,"114,000",24.90%,"125,000",27.20%,"104,000",29.40%,"92,000",32.90%,"60,000",24.50%,"24,000",26.50%,"27,000",38.20%,"241,000",36.20%,"116,000",31.10%,"63,000",37.00%,"76,000",32.10%,"94,000",35.40%,"15,000",37.50%,"2,838,000",40.00%,"948,000",36.10%,"857,000",37.80%,"561,000",35.40%,"586,000",35.00%,"41,000",36.20%,"10,339,000"
23.0 - 27.49 (Increased risk,2015,38.50%,"68,000",27.80%,"39,000",35.00%,"37,000",27.8*,"31,000",34.40%,"23,000",27.90%,"14,000",35.10%,"30,000",38.60%,"28,000",23.20%,"12,000",35.00%,"28,000",37.10%,"55,000",38.90%,"561,000",41.10%,"507,000",36.50%,"310,000",36.00%,"258,000",37.00%,"218,000",27.80%,"108,000",27.70%,"88,000",40.60%,"82,000",28.10%,"30,000",34.80%,"384,000",36.00%,"103,000",33.50%,"54,000",42.40%,"61,000",27.40%,"187,000",31.00%,"186,000",27.70%,"143,000",29.60%,"115,000",35.70%,"113,000",32.10%,"60,000",26.50%,"24,000",29.00%,"30,000",44.60%,"285,000",35.90%,"118,000",38.40%,"80,000",34.30%,"73,000",27.40%,"83,000",46.10%,"19,000",34.30%,"2,625,000",31.00%,"748,000",34.80%,"843,000",38.20%,"577,000",31.30%,"533,000",31.90%,"38,000",34.40%,"10,012,000"
23.0 - 27.49 (Increased risk,2016,41.30%,"73,000",38.80%,"54,000",24.30%,"26,000",36.00%,"40,000",23.50%,"16,000",34.20%,"18,000",27.20%,"23,000",37.50%,"27,000",43.00%,"23,000",41.00%,"33,000",37.80%,"56,000",37.10%,"540,000",39.10%,"489,000",37.00%,"320,000",44.80%,"324,000",39.60%,"236,000",37.60%,"147,000",40.10%,"130,000",62.40%,"127,000",27.5*,"30,000",38.20%,"429,000",49.00%,"142,000",42.00%,"70,000",33.10%,"49,000",36.40%,"252,000",28.80%,"174,000",25.00%,"132,000",31.30%,"123,000",22.70%,"73,000",36.6*,"69,000",28.4*,"26,000",46.3*,"49,000",38.30%,"247,000",32.50%,"108,000",38.40%,"81,000",46.20%,"100,000",33.30%,"102,000",31.3*,"13,000",35.10%,"2,706,000",39.80%,"970,000",34.00%,"832,000",29.10%,"447,000",35.00%,"606,000",29.00%,"35,000",35.90%,"10,562,000"
23.0 - 27.49 (Increased risk,2017,32.60%,"61,000",37.20%,"50,000",42.20%,"42,000",31.70%,"33,000",45.90%,"30,000",32.30%,"16,000",33.40%,"30,000",37.60%,"28,000",20.90%,"14,000",42.20%,"33,000",38.40%,"52,000",37.70%,"552,000",34.70%,"437,000",32.70%,"300,000",38.80%,"264,000",38.00%,"252,000",42.90%,"165,000",33.00%,"96,000",43.3*,"87,000",34.90%,"30,000",31.20%,"352,000",41.60%,"137,000",32.80%,"53,000",36.6*,"43,000",35.6*,"247,000",29.20%,"161,000",36.90%,"208,000",28.20%,"122,000",29.90%,"100,000",29.10%,"49,000",26.60%,"25,000",34.20%,"32,000",42.60%,"297,000",43.00%,"147,000",41.90%,"75,000",38.10%,"67,000",37.60%,"114,000",35.70%,"13,000",35.60%,"2,773,000",40.10%,"974,000",37.60%,"910,000",35.80%,"549,000",33.60%,"585,000",27.4*,"33,000",36.10%,"10,637,000"
23.0 - 27.49 (Increased risk,2018,33.40%,"55,000",28.60%,"40,000",30.80%,"29,000",33.70%,"35,000",40.80%,"30,000",31.10%,"17,000",33.90%,"29,000",38.60%,"31,000",34.70%,"21,000",40.00%,"36,000",38.30%,"52,000",36.90%,"546,000",44.60%,"566,000",35.20%,"327,000",41.70%,"293,000",43.60%,"270,000",31.40%,"129,000",24.70%,"72,000",46.90%,"81,000",31.9*,"37,000",37.30%,"427,000",31.70%,"96,000",35.80%,"61,000",40.40%,"60,000",33.20%,"234,000",35.20%,"232,000",31.50%,"192,000",33.00%,"121,000",24.50%,"70,000",38.20%,"57,000",24.00%,"27,000",29.30%,"24,000",36.30%,"221,000",37.20%,"142,000",36.50%,"73,000",39.70%,"79,000",30.80%,"95,000",17.0*,"8,000",36.50%,"2,849,000",34.50%,"844,000",35.00%,"853,000",31.90%,"495,000",34.50%,"610,000",25.10%,"31,000",35.70%,"10,597,000"
23.0 - 27.49 (Increased risk,2019,32.60%,"54,000",30.30%,"42,000",31.30%,"33,000",31.80%,"30,000",34.20%,"25,000",35.20%,"17,000",40.70%,"35,000",32.70%,"25,000",33.20%,"18,000",41.40%,"32,000",47.20%,"72,000",42.50%,"626,000",38.20%,"482,000",38.10%,"339,000",36.70%,"266,000",34.40%,"206,000",36.40%,"148,000",38.10%,"124,000",34.70%,"67,000",38.40%,"38,000",33.70%,"387,000",40.80%,"124,000",41.70%,"70,000",33.80%,"54,000",31.60%,"227,000",25.30%,"154,000",31.00%,"172,000",32.10%,"130,000",30.80%,"103,000",31.50%,"62,000",29.60%,"30,000",34.30%,"37,000",39.90%,"257,000",30.90%,"107,000",33.80%,"77,000",36.40%,"69,000",35.90%,"109,000",26.50%,"7,000",35.00%,"2,702,000",38.20%,"928,000",33.80%,"825,000",33.00%,"516,000",33.40%,"598,000",26.10%,"32,000",35.20%,"10,455,000"
23.0 - 27.49 (Increased risk,2020,32.00%,"52,000",36.00%,"48,000",32.00%,"32,000",42.80%,"47,000",39.00%,"26,000",34.90%,"16,000",30.40%,"26,000",28.80%,"22,000",25.20%,"14,000",48.00%,"36,000",32.90%,"49,000",45.20%,"666,000",35.40%,"447,000",35.30%,"315,000",39.30%,"285,000",39.30%,"234,000",43.00%,"165,000",31.70%,"104,000",44.70%,"90,000",48.20%,"53,000",37.70%,"438,000",35.90%,"111,000",32.00%,"54,000",36.00%,"57,000",30.60%,"222,000",28.70%,"175,000",30.20%,"169,000",39.60%,"161,000",30.40%,"102,000",22.40%,"45,000",22.70%,"23,000",32.10%,"35,000",37.00%,"240,000",31.50%,"103,000",45.10%,"95,000",27.80%,"51,000",35.30%,"110,000",35.50%,"17,000",34.00%,"2,613,000",35.70%,"866,000",36.20%,"883,000",36.20%,"570,000",31.90%,"578,000",35.50%,"44,000",35.30%,"10,489,000"
23.0 - 27.49 (Increased risk,2021,38.70%,"61,000",41.10%,"56,000",29.70%,"30,000",28.60%,"30,000",30.90%,"22,000",27.70%,"14,000",36.10%,"31,000",34.10%,"24,000",37.40%,"21,000",37.30%,"28,000",35.80%,"53,000",41.10%,"613,000",32.70%,"418,000",37.00%,"329,000",42.80%,"312,000",39.70%,"239,000",40.40%,"150,000",38.90%,"133,000",43.00%,"86,000",27.30%,"29,000",35.90%,"416,000",29.70%,"94,000",36.00%,"59,000",34.90%,"53,000",36.90%,"263,000",27.00%,"163,000",29.60%,"164,000",27.70%,"112,000",30.30%,"100,000",32.60%,"64,000",26.80%,"25,000",35.30%,"38,000",36.50%,"233,000",32.40%,"106,000",35.80%,"72,000",47.70%,"99,000",30.60%,"93,000",27.80%,"13,000",33.80%,"2,616,000",37.20%,"901,000",37.30%,"905,000",33.00%,"512,000",31.20%,"561,000",30.50%,"37,000",35.00%,"10,378,000"
23.0 - 27.49 (Increased risk,2022,36.00%,"58,000",41.80%,"58,000",39.00%,"40,000",30.90%,"33,000",29.90%,"21,000",18.50%,"9,000",35.30%,"31,000",31.60%,"25,000",27.60%,"16,000",43.60%,"35,000",33.50%,"49,000",35.60%,"517,000",43.60%,"554,000",42.20%,"382,000",43.40%,"296,000",38.80%,"225,000",37.10%,"143,000",42.00%,"143,000",36.60%,"74,000",33.00%,"33,000",34.90%,"414,000",41.80%,"139,000",36.00%,"60,000",29.80%,"46,000",25.00%,"179,000",24.10%,"148,000",33.50%,"192,000",33.60%,"136,000",19.50%,"65,000",24.10%,"49,000",30.60%,"29,000",30.00%,"33,000",43.20%,"277,000",34.70%,"114,000",47.20%,"95,000",36.00%,"77,000",29.30%,"89,000",29.10%,"15,000",35.00%,"2,648,000",33.50%,"813,000",38.60%,"933,000",32.70%,"517,000",31.50%,"574,000",28.00%,"33,000",35.20%,"10,416,000"
23.0 - 27.49 (Increased risk,2023,30.80%,"50,000",28.60%,"40,000",34.50%,"36,000",30.10%,"31,000",33.90%,"24,000",38.80%,"20,000",23.40%,"20,000",30.60%,"23,000",20.40%,"12,000",34.00%,"28,000",47.20%,"73,000",41.20%,"594,000",35.80%,"443,000",28.20%,"251,000",39.90%,"271,000",36.50%,"209,000",24.10%,"91,000",40.20%,"137,000",46.70%,"94,000",34.70%,"36,000",33.00%,"391,000",35.40%,"115,000",35.40%,"61,000",35.60%,"53,000",26.20%,"188,000",33.80%,"214,000",28.60%,"164,000",35.90%,"143,000",25.90%,"86,000",26.70%,"53,000",29.00%,"29,000",33.50%,"37,000",28.60%,"179,000",43.00%,"136,000",35.90%,"75,000",36.60%,"76,000",31.50%,"96,000",34.20%,"16,000",33.50%,"2,473,000",39.60%,"944,000",37.70%,"895,000",31.40%,"493,000",33.30%,"613,000",21.80%,"26,000",34.40%,"10,039,000"
27.5 or higher (Higher high risk,2011,42.90%,"73,000",40.50%,"55,000",43.70%,"45,000",46.50%,"52,000",37.80%,"25,000",40.20%,"21,000",55.20%,"47,000",36.70%,"24,000",46.30%,"23,000",29.10%,"24,000",35.00%,"52,000",31.90%,"424,000",37.70%,"427,000",41.70%,"334,000",21.00%,"140,000",24.00%,"134,000",41.00%,"148,000",52.90%,"159,000",24.00%,"46,000",47.10%,"46,000",42.80%,"444,000",40.30%,"106,000",26.30%,"39,000",39.90%,"57,000",49.70%,"324,000",53.30%,"292,000",50.90%,"230,000",48.00%,"168,000",62.60%,"191,000",55.80%,"98,000",50.80%,"48,000",49.50%,"50,000",40.40%,"246,000",36.90%,"113,000",41.10%,"81,000",33.50%,"67,000",42.40%,"118,000",54.30%,"21,000",41.00%,"2,950,000",36.50%,"819,000",36.00%,"806,000",50.50%,"725,000",44.60%,"694,000",53.00%,"62,000",40.60%,"11,048,000"
27.5 or higher (Higher high risk,2012,37.30%,"64,000",42.80%,"59,000",48.20%,"50,000",49.40%,"54,000",37.60%,"25,000",47.40%,"24,000",48.70%,"40,000",49.20%,"34,000",48.40%,"25,000",35.40%,"28,000",32.70%,"47,000",33.00%,"450,000",35.30%,"408,000",43.10%,"347,000",21.40%,"146,000",30.50%,"172,000",33.80%,"126,000",42.10%,"128,000",21.30%,"41,000",33.80%,"34,000",38.30%,"404,000",37.10%,"101,000",44.20%,"68,000",31.20%,"44,000",51.20%,"333,000",54.70%,"305,000",45.30%,"220,000",45.40%,"169,000",51.70%,"157,000",49.90%,"88,000",53.20%,"50,000",41.40%,"41,000",44.80%,"276,000",34.70%,"108,000",36.30%,"73,000",30.20%,"61,000",41.70%,"120,000",51.40%,"21,000",41.30%,"3,059,000",34.10%,"787,000",37.10%,"861,000",48.30%,"696,000",47.20%,"750,000",62.00%,"71,000",40.20%,"11,163,000"
27.5 or higher (Higher high risk,2013,39.90%,"68,000",38.80%,"53,000",44.60%,"46,000",46.50%,"51,000",35.00%,"24,000",39.10%,"20,000",46.80%,"39,000",54.00%,"38,000",49.50%,"25,000",28.80%,"23,000",35.60%,"52,000",33.80%,"467,000",36.90%,"435,000",41.80%,"341,000",25.40%,"174,000",36.20%,"207,000",41.70%,"157,000",47.20%,"147,000",28.40%,"55,000",37.10%,"38,000",43.40%,"462,000",35.20%,"97,000",31.70%,"49,000",35.50%,"51,000",45.60%,"301,000",49.10%,"278,000",41.60%,"205,000",60.70%,"228,000",54.70%,"168,000",49.40%,"88,000",59.70%,"57,000",43.30%,"44,000",36.30%,"226,000",39.10%,"123,000",30.40%,"62,000",40.90%,"83,000",40.50%,"117,000",38.20%,"16,000",40.50%,"3,041,000",37.40%,"873,000",37.30%,"875,000",53.10%,"774,000",41.50%,"670,000",64.70%,"74,000",40.60%,"11,424,000"
27.5 or higher (Higher high risk,2014,46.80%,"82,000",42.60%,"59,000",45.50%,"47,000",38.50%,"43,000",42.30%,"29,000",49.40%,"25,000",48.40%,"41,000",50.70%,"36,000",54.60%,"28,000",35.90%,"29,000",41.20%,"60,000",37.40%,"527,000",41.40%,"496,000",35.10%,"292,000",26.50%,"184,000",51.70%,"298,000",42.00%,"160,000",50.20%,"158,000",19.40%,"38,000",43.80%,"46,000",42.10%,"454,000",36.80%,"104,000",42.40%,"66,000",48.30%,"70,000",56.90%,"381,000",66.90%,"383,000",63.20%,"317,000",54.00%,"206,000",58.50%,"182,000",53.30%,"97,000",65.30%,"63,000",52.90%,"54,000",43.30%,"273,000",38.60%,"124,000",40.40%,"82,000",31.60%,"65,000",53.70%,"158,000",48.00%,"20,000",41.10%,"3,113,000",36.40%,"863,000",38.50%,"915,000",50.80%,"753,000",45.10%,"746,000",53.30%,"62,000",42.80%,"12,227,000"
27.5 or higher (Higher high risk,2015,45.60%,"80,000",46.20%,"64,000",43.00%,"45,000",46.60%,"52,000",32.70%,"22,000",52.20%,"27,000",52.30%,"44,000",41.80%,"30,000",61.20%,"32,000",35.80%,"29,000",45.70%,"68,000",35.80%,"516,000",36.00%,"444,000",42.20%,"359,000",31.10%,"223,000",44.50%,"262,000",45.80%,"178,000",59.80%,"191,000",30.20%,"61,000",55.30%,"59,000",45.00%,"498,000",45.40%,"129,000",43.00%,"70,000",24.00%,"35,000",55.90%,"383,000",56.80%,"340,000",52.70%,"272,000",52.90%,"206,000",51.40%,"163,000",51.60%,"96,000",60.30%,"55,000",48.40%,"50,000",35.70%,"228,000",44.20%,"145,000",35.00%,"73,000",42.00%,"90,000",59.10%,"178,000",40.00%,"17,000",43.60%,"3,336,000",38.00%,"917,000",40.60%,"985,000",47.60%,"720,000",51.10%,"869,000",57.40%,"69,000",43.70%,"12,709,000"
27.5 or higher (Higher high risk,2016,35.10%,"62,000",42.50%,"59,000",43.40%,"46,000",48.60%,"53,000",56.50%,"39,000",41.60%,"21,000",58.30%,"50,000",44.90%,"32,000",45.50%,"24,000",32.40%,"26,000",39.70%,"59,000",33.60%,"490,000",39.30%,"492,000",40.30%,"348,000",25.40%,"183,000",31.40%,"187,000",36.40%,"143,000",50.90%,"165,000",18.4*,"37,000",55.20%,"59,000",47.10%,"528,000",34.70%,"101,000",27.20%,"45,000",45.70%,"67,000",51.00%,"353,000",54.10%,"326,000",55.40%,"292,000",57.70%,"228,000",58.90%,"189,000",50.70%,"96,000",58.50%,"53,000",41.90%,"44,000",42.30%,"272,000",40.00%,"133,000",39.70%,"83,000",35.80%,"77,000",50.90%,"156,000",50.20%,"21,000",44.50%,"3,428,000",35.40%,"864,000",42.60%,"1,042,000",51.80%,"794,000",49.00%,"850,000",58.60%,"71,000",43.20%,"12,690,000"
27.5 or higher (Higher high risk,2017,46.50%,"86,000",37.00%,"49,000",37.70%,"38,000",49.90%,"52,000",36.90%,"24,000",47.20%,"23,000",41.40%,"37,000",43.80%,"32,000",53.00%,"36,000",28.0*,"22,000",41.00%,"56,000",34.80%,"510,000",37.80%,"476,000",42.50%,"391,000",21.60%,"147,000",33.70%,"223,000",34.60%,"133,000",43.70%,"127,000",25.2*,"51,000",43.60%,"38,000",40.50%,"457,000",29.00%,"96,000",39.20%,"63,000",33.00%,"39,000",50.40%,"351,000",53.40%,"293,000",45.20%,"255,000",58.30%,"252,000",54.80%,"183,000",50.10%,"84,000",54.00%,"51,000",52.60%,"50,000",38.10%,"265,000",26.9*,"92,000",31.4*,"56,000",35.80%,"63,000",42.10%,"128,000",46.30%,"17,000",40.80%,"3,174,000",33.40%,"811,000",36.70%,"887,000",46.20%,"709,000",46.40%,"808,000",58.40%,"71,000",40.10%,"11,805,000"
27.5 or higher (Higher high risk,2018,44.40%,"73,000",54.80%,"78,000",41.10%,"39,000",51.60%,"53,000",34.00%,"25,000",42.10%,"23,000",54.90%,"46,000",41.70%,"34,000",50.70%,"31,000",30.30%,"27,000",38.70%,"53,000",33.90%,"500,000",29.90%,"380,000",40.50%,"377,000",24.50%,"172,000",34.50%,"214,000",45.50%,"186,000",54.40%,"158,000",26.10%,"45,000",44.50%,"51,000",37.30%,"426,000",46.60%,"141,000",36.80%,"63,000",28.3*,"42,000",51.10%,"361,000",47.10%,"311,000",48.00%,"293,000",47.20%,"173,000",58.40%,"168,000",48.70%,"72,000",50.80%,"58,000",48.40%,"40,000",38.70%,"235,000",35.60%,"135,000",40.40%,"81,000",32.40%,"64,000",45.30%,"140,000",63.4*,"30,000",40.60%,"3,172,000",31.90%,"780,000",39.70%,"966,000",47.10%,"731,000",48.80%,"864,000",59.10%,"72,000",40.30%,"11,983,000"
27.5 or higher (Higher high risk,2019,43.00%,"71,000",54.00%,"75,000",38.10%,"40,000",48.90%,"46,000",48.40%,"35,000",50.90%,"24,000",44.60%,"39,000",43.70%,"33,000",53.50%,"30,000",28.50%,"22,000",32.40%,"50,000",31.10%,"458,000",34.80%,"439,000",41.60%,"370,000",25.40%,"185,000",31.40%,"188,000",33.20%,"135,000",49.60%,"162,000",25.80%,"50,000",38.90%,"38,000",44.30%,"510,000",45.60%,"138,000",39.20%,"66,000",34.60%,"55,000",52.70%,"379,000",58.20%,"354,000",55.50%,"308,000",50.60%,"205,000",64.00%,"213,000",45.70%,"90,000",58.50%,"58,000",52.40%,"56,000",40.60%,"262,000",39.80%,"137,000",35.20%,"80,000",40.80%,"77,000",34.00%,"103,000",58.60%,"16,000",42.10%,"3,253,000",34.90%,"848,000",41.20%,"1,006,000",50.60%,"793,000",49.40%,"885,000",59.20%,"74,000",42.00%,"12,457,000"
27.5 or higher (Higher high risk,2020,41.80%,"68,000",46.90%,"62,000",43.60%,"44,000",35.50%,"39,000",44.00%,"29,000",44.50%,"21,000",55.90%,"49,000",50.30%,"38,000",36.60%,"21,000",22.30%,"17,000",47.60%,"71,000",25.70%,"379,000",35.00%,"441,000",42.10%,"376,000",24.70%,"179,000",34.90%,"208,000",40.40%,"155,000",38.70%,"126,000",26.70%,"54,000",27.00%,"29,000",42.60%,"494,000",41.70%,"130,000",39.30%,"66,000",38.70%,"62,000",56.00%,"407,000",58.70%,"359,000",58.30%,"327,000",47.10%,"192,000",59.40%,"200,000",66.00%,"133,000",58.20%,"59,000",44.70%,"48,000",39.50%,"257,000",42.90%,"141,000",24.70%,"52,000",48.50%,"88,000",41.50%,"130,000",49.90%,"24,000",43.90%,"3,377,000",39.90%,"969,000",38.50%,"939,000",48.60%,"764,000",47.80%,"867,000",49.50%,"61,000",42.30%,"12,550,000"
27.5 or higher (Higher high risk,2021,36.30%,"57,000",41.60%,"57,000",42.30%,"42,000",40.10%,"42,000",38.80%,"27,000",62.20%,"33,000",49.90%,"42,000",56.10%,"39,000",48.30%,"27,000",28.00%,"21,000",44.80%,"66,000",31.80%,"474,000",39.10%,"499,000",44.50%,"396,000",21.70%,"158,000",30.90%,"186,000",34.80%,"129,000",45.10%,"154,000",24.60%,"49,000",52.40%,"55,000",44.20%,"513,000",48.40%,"153,000",37.30%,"61,000",36.60%,"56,000",45.70%,"326,000",55.90%,"339,000",51.90%,"288,000",51.20%,"206,000",53.90%,"179,000",50.10%,"99,000",60.10%,"57,000",53.70%,"58,000",41.00%,"262,000",45.70%,"150,000",37.90%,"76,000",31.20%,"65,000",47.10%,"143,000",50.60%,"24,000",44.20%,"3,419,000",36.50%,"883,000",36.60%,"887,000",50.30%,"783,000",49.00%,"880,000",55.90%,"68,000",42.30%,"12,529,000"
27.5 or higher (Higher high risk,2022,42.00%,"68,000",40.10%,"56,000",42.90%,"44,000",52.70%,"57,000",49.50%,"34,000",54.30%,"28,000",48.40%,"43,000",47.90%,"37,000",61.80%,"37,000",31.80%,"26,000",49.80%,"73,000",31.60%,"460,000",31.30%,"398,000",39.30%,"356,000",23.20%,"158,000",35.60%,"207,000",33.10%,"127,000",45.40%,"154,000",29.90%,"60,000",45.80%,"46,000",44.20%,"525,000",35.30%,"117,000",32.00%,"53,000",37.00%,"57,000",60.00%,"430,000",63.40%,"389,000",48.80%,"279,000",53.40%,"216,000",68.00%,"227,000",54.30%,"110,000",54.80%,"52,000",55.40%,"60,000",39.80%,"255,000",37.30%,"122,000",31.20%,"63,000",30.60%,"65,000",49.40%,"150,000",59.40%,"30,000",42.90%,"3,249,000",39.20%,"953,000",35.70%,"862,000",50.90%,"805,000",51.60%,"941,000",59.40%,"70,000",42.40%,"12,548,000"
27.5 or higher (Higher high risk,2023,48.50%,"79,000",49.80%,"69,000",46.30%,"48,000",41.50%,"43,000",46.30%,"33,000",44.00%,"23,000",55.00%,"48,000",54.90%,"42,000",70.10%,"41,000",43.70%,"36,000",38.30%,"59,000",30.40%,"438,000",33.30%,"412,000",50.80%,"452,000",23.10%,"156,000",37.90%,"217,000",42.40%,"160,000",39.80%,"136,000",27.00%,"55,000",43.90%,"46,000",46.50%,"550,000",40.10%,"130,000",41.30%,"72,000",43.70%,"65,000",58.00%,"416,000",54.10%,"342,000",47.80%,"275,000",55.40%,"220,000",56.20%,"187,000",53.70%,"107,000",60.60%,"61,000",48.80%,"54,000",49.50%,"310,000",30.90%,"98,000",45.50%,"95,000",39.70%,"82,000",56.80%,"173,000",50.00%,"24,000",42.90%,"3,171,000",34.70%,"827,000",36.40%,"864,000",52.00%,"818,000",49.70%,"915,000",55.30%,"66,000",42.80%,"12,514,000"
Total ,2011,100.00%,"170,000",100.00%,"136,000",100.00%,"103,000",100.00%,"111,000",100.00%,"67,000",100.00%,"51,000",100.00%,"84,000",100.00%,"66,000",100.00%,"50,000",100.00%,"81,000",100.00%,"149,000",100.00%,"1,331,000",100.00%,"1,133,000",100.00%,"800,000",100.00%,"667,000",100.00%,"557,000",100.00%,"360,000",100.00%,"300,000",100.00%,"192,000",100.00%,"98,000",100.00%,"1,037,000",100.00%,"263,000",100.00%,"148,000",100.00%,"143,000",100.00%,"652,000",100.00%,"548,000",100.00%,"451,000",100.00%,"350,000",100.00%,"306,000",100.00%,"176,000",100.00%,"95,000",100.00%,"102,000",100.00%,"611,000",100.00%,"306,000",100.00%,"196,000",100.00%,"199,000",100.00%,"280,000",100.00%,"40,000",100.00%,"7,201,000",100.00%,"2,247,000",100.00%,"2,237,000",100.00%,"1,437,000",100.00%,"1,558,000",100.00%,"117,000",100.00%,"27,204,000"
Total ,2012,100.00%,"170,000",100.00%,"137,000",100.00%,"104,000",100.00%,"109,000",100.00%,"67,000",100.00%,"50,000",100.00%,"83,000",100.00%,"69,000",100.00%,"51,000",100.00%,"79,000",100.00%,"145,000",100.00%,"1,362,000",100.00%,"1,158,000",100.00%,"804,000",100.00%,"679,000",100.00%,"565,000",100.00%,"374,000",100.00%,"304,000",100.00%,"194,000",100.00%,"102,000",100.00%,"1,055,000",100.00%,"272,000",100.00%,"153,000",100.00%,"140,000",100.00%,"650,000",100.00%,"557,000",100.00%,"486,000",100.00%,"372,000",100.00%,"304,000",100.00%,"177,000",100.00%,"95,000",100.00%,"100,000",100.00%,"616,000",100.00%,"311,000",100.00%,"200,000",100.00%,"202,000",100.00%,"288,000",100.00%,"41,000",100.00%,"7,402,000",100.00%,"2,305,000",100.00%,"2,321,000",100.00%,"1,441,000",100.00%,"1,589,000",100.00%,"114,000",100.00%,"27,796,000"
Total ,2013,100.00%,"171,000",100.00%,"137,000",100.00%,"104,000",100.00%,"110,000",100.00%,"67,000",100.00%,"50,000",100.00%,"84,000",100.00%,"70,000",100.00%,"51,000",100.00%,"79,000",100.00%,"145,000",100.00%,"1,382,000",100.00%,"1,177,000",100.00%,"817,000",100.00%,"686,000",100.00%,"570,000",100.00%,"377,000",100.00%,"311,000",100.00%,"195,000",100.00%,"103,000",100.00%,"1,063,000",100.00%,"276,000",100.00%,"155,000",100.00%,"143,000",100.00%,"660,000",100.00%,"567,000",100.00%,"492,000",100.00%,"377,000",100.00%,"308,000",100.00%,"179,000",100.00%,"95,000",100.00%,"101,000",100.00%,"623,000",100.00%,"316,000",100.00%,"203,000",100.00%,"203,000",100.00%,"290,000",100.00%,"41,000",100.00%,"7,510,000",100.00%,"2,336,000",100.00%,"2,349,000",100.00%,"1,458,000",100.00%,"1,615,000",100.00%,"115,000",100.00%,"28,162,000"
Total ,2014,100.00%,"174,000",100.00%,"138,000",100.00%,"103,000",100.00%,"111,000",100.00%,"68,000",100.00%,"50,000",100.00%,"84,000",100.00%,"70,000",100.00%,"51,000",100.00%,"80,000",100.00%,"146,000",100.00%,"1,407,000",100.00%,"1,200,000",100.00%,"832,000",100.00%,"694,000",100.00%,"577,000",100.00%,"382,000",100.00%,"315,000",100.00%,"198,000",100.00%,"105,000",100.00%,"1,077,000",100.00%,"282,000",100.00%,"156,000",100.00%,"145,000",100.00%,"670,000",100.00%,"573,000",100.00%,"501,000",100.00%,"381,000",100.00%,"312,000",100.00%,"182,000",100.00%,"97,000",100.00%,"102,000",100.00%,"631,000",100.00%,"320,000",100.00%,"204,000",100.00%,"205,000",100.00%,"294,000",100.00%,"42,000",100.00%,"7,577,000",100.00%,"2,374,000",100.00%,"2,373,000",100.00%,"1,483,000",100.00%,"1,653,000",100.00%,"117,000",100.00%,"28,539,000"
Total ,2015,100.00%,"176,000",100.00%,"139,000",100.00%,"104,000",100.00%,"110,000",100.00%,"68,000",100.00%,"51,000",100.00%,"85,000",100.00%,"72,000",100.00%,"53,000",100.00%,"80,000",100.00%,"148,000",100.00%,"1,443,000",100.00%,"1,234,000",100.00%,"851,000",100.00%,"716,000",100.00%,"589,000",100.00%,"389,000",100.00%,"319,000",100.00%,"201,000",100.00%,"106,000",100.00%,"1,105,000",100.00%,"285,000",100.00%,"162,000",100.00%,"145,000",100.00%,"684,000",100.00%,"599,000",100.00%,"516,000",100.00%,"388,000",100.00%,"317,000",100.00%,"186,000",100.00%,"91,000",100.00%,"104,000",100.00%,"640,000",100.00%,"329,000",100.00%,"208,000",100.00%,"213,000",100.00%,"302,000",100.00%,"42,000",100.00%,"7,658,000",100.00%,"2,414,000",100.00%,"2,425,000",100.00%,"1,513,000",100.00%,"1,702,000",100.00%,"120,000",100.00%,"29,083,000"
Total ,2016,100.00%,"177,000",100.00%,"138,000",100.00%,"106,000",100.00%,"110,000",100.00%,"68,000",100.00%,"51,000",100.00%,"86,000",100.00%,"72,000",100.00%,"53,000",100.00%,"81,000",100.00%,"148,000",100.00%,"1,458,000",100.00%,"1,251,000",100.00%,"865,000",100.00%,"722,000",100.00%,"595,000",100.00%,"392,000",100.00%,"324,000",100.00%,"203,000",100.00%,"107,000",100.00%,"1,122,000",100.00%,"290,000",100.00%,"166,000",100.00%,"147,000",100.00%,"692,000",100.00%,"604,000",100.00%,"527,000",100.00%,"395,000",100.00%,"320,000",100.00%,"189,000",100.00%,"91,000",100.00%,"105,000",100.00%,"644,000",100.00%,"331,000",100.00%,"210,000",100.00%,"216,000",100.00%,"306,000",100.00%,"43,000",100.00%,"7,708,000",100.00%,"2,437,000",100.00%,"2,448,000",100.00%,"1,535,000",100.00%,"1,734,000",100.00%,"122,000",100.00%,"29,390,000"
Total ,2017,100.00%,"186,000",100.00%,"133,000",100.00%,"100,000",100.00%,"103,000",100.00%,"65,000",100.00%,"49,000",100.00%,"90,000",100.00%,"73,000",100.00%,"69,000",100.00%,"78,000",100.00%,"136,000",100.00%,"1,465,000",100.00%,"1,258,000",100.00%,"919,000",100.00%,"681,000",100.00%,"662,000",100.00%,"384,000",100.00%,"291,000",100.00%,"201,000",100.00%,"86,000",100.00%,"1,128,000",100.00%,"330,000",100.00%,"161,000",100.00%,"119,000",100.00%,"696,000",100.00%,"549,000",100.00%,"565,000",100.00%,"432,000",100.00%,"334,000",100.00%,"168,000",100.00%,"94,000",100.00%,"94,000",100.00%,"697,000",100.00%,"342,000",100.00%,"180,000",100.00%,"175,000",100.00%,"303,000",100.00%,"37,000",100.00%,"7,784,000",100.00%,"2,426,000",100.00%,"2,417,000",100.00%,"1,536,000",100.00%,"1,739,000",100.00%,"121,000",100.00%,"29,456,000"
Total ,2018,100.00%,"164,000",100.00%,"141,000",100.00%,"95,000",100.00%,"103,000",100.00%,"74,000",100.00%,"56,000",100.00%,"84,000",100.00%,"81,000",100.00%,"61,000",100.00%,"89,000",100.00%,"136,000",100.00%,"1,478,000",100.00%,"1,270,000",100.00%,"931,000",100.00%,"703,000",100.00%,"619,000",100.00%,"409,000",100.00%,"290,000",100.00%,"173,000",100.00%,"115,000",100.00%,"1,143,000",100.00%,"303,000",100.00%,"171,000",100.00%,"148,000",100.00%,"706,000",100.00%,"659,000",100.00%,"611,000",100.00%,"366,000",100.00%,"287,000",100.00%,"149,000",100.00%,"114,000",100.00%,"82,000",100.00%,"609,000",100.00%,"381,000",100.00%,"200,000",100.00%,"198,000",100.00%,"309,000",100.00%,"47,000",100.00%,"7,816,000",100.00%,"2,448,000",100.00%,"2,435,000",100.00%,"1,553,000",100.00%,"1,770,000",100.00%,"122,000",100.00%,"29,699,000"
Total ,2019,100.00%,"166,000",100.00%,"138,000",100.00%,"104,000",100.00%,"94,000",100.00%,"73,000",100.00%,"48,000",100.00%,"86,000",100.00%,"76,000",100.00%,"56,000",100.00%,"79,000",100.00%,"153,000",100.00%,"1,475,000",100.00%,"1,263,000",100.00%,"890,000",100.00%,"726,000",100.00%,"597,000",100.00%,"407,000",100.00%,"327,000",100.00%,"194,000",100.00%,"98,000",100.00%,"1,151,000",100.00%,"304,000",100.00%,"168,000",100.00%,"160,000",100.00%,"719,000",100.00%,"608,000",100.00%,"554,000",100.00%,"405,000",100.00%,"333,000",100.00%,"198,000",100.00%,"100,000",100.00%,"107,000",100.00%,"644,000",100.00%,"345,000",100.00%,"228,000",100.00%,"190,000",100.00%,"303,000",100.00%,"28,000",100.00%,"7,723,000",100.00%,"2,432,000",100.00%,"2,441,000",100.00%,"1,566,000",100.00%,"1,792,000",100.00%,"125,000",100.00%,"29,669,000"
Total ,2020,100.00%,"162,000",100.00%,"132,000",100.00%,"101,000",100.00%,"111,000",100.00%,"66,000",100.00%,"47,000",100.00%,"87,000",100.00%,"75,000",100.00%,"56,000",100.00%,"76,000",100.00%,"149,000",100.00%,"1,474,000",100.00%,"1,262,000",100.00%,"892,000",100.00%,"725,000",100.00%,"596,000",100.00%,"384,000",100.00%,"327,000",100.00%,"201,000",100.00%,"109,000",100.00%,"1,161,000",100.00%,"311,000",100.00%,"169,000",100.00%,"159,000",100.00%,"726,000",100.00%,"611,000",100.00%,"561,000",100.00%,"407,000",100.00%,"336,000",100.00%,"201,000",100.00%,"101,000",100.00%,"108,000",100.00%,"650,000",100.00%,"328,000",100.00%,"211,000",100.00%,"182,000",100.00%,"312,000",100.00%,"48,000",100.00%,"7,695,000",100.00%,"2,427,000",100.00%,"2,440,000",100.00%,"1,574,000",100.00%,"1,812,000",100.00%,"124,000",100.00%,"29,685,000"
Total ,2021,100.00%,"158,000",100.00%,"136,000",100.00%,"100,000",100.00%,"104,000",100.00%,"71,000",100.00%,"52,000",100.00%,"85,000",100.00%,"70,000",100.00%,"56,000",100.00%,"75,000",100.00%,"148,000",100.00%,"1,491,000",100.00%,"1,276,000",100.00%,"890,000",100.00%,"729,000",100.00%,"601,000",100.00%,"371,000",100.00%,"342,000",100.00%,"200,000",100.00%,"106,000",100.00%,"1,160,000",100.00%,"316,000",100.00%,"163,000",100.00%,"153,000",100.00%,"715,000",100.00%,"606,000",100.00%,"555,000",100.00%,"403,000",100.00%,"332,000",100.00%,"198,000",100.00%,"95,000",100.00%,"108,000",100.00%,"638,000",100.00%,"328,000",100.00%,"201,000",100.00%,"207,000",100.00%,"303,000",100.00%,"48,000",100.00%,"7,744,000",100.00%,"2,420,000",100.00%,"2,425,000",100.00%,"1,555,000",100.00%,"1,798,000",100.00%,"122,000",100.00%,"29,650,000"
Total ,2022,100.00%,"161,000",100.00%,"140,000",100.00%,"103,000",100.00%,"107,000",100.00%,"69,000",100.00%,"51,000",100.00%,"89,000",100.00%,"78,000",100.00%,"59,000",100.00%,"80,000",100.00%,"147,000",100.00%,"1,454,000",100.00%,"1,270,000",100.00%,"905,000",100.00%,"681,000",100.00%,"582,000",100.00%,"384,000",100.00%,"340,000",100.00%,"201,000",100.00%,"100,000",100.00%,"1,187,000",100.00%,"332,000",100.00%,"167,000",100.00%,"153,000",100.00%,"717,000",100.00%,"614,000",100.00%,"572,000",100.00%,"404,000",100.00%,"334,000",100.00%,"202,000",100.00%,"94,000",100.00%,"109,000",100.00%,"641,000",100.00%,"327,000",100.00%,"201,000",100.00%,"214,000",100.00%,"303,000",100.00%,"51,000",100.00%,"7,573,000",100.00%,"2,428,000",100.00%,"2,413,000",100.00%,"1,582,000",100.00%,"1,822,000",100.00%,"118,000",100.00%,"29,561,000"
Total ,2023,100.00%,"162,000",100.00%,"139,000",100.00%,"104,000",100.00%,"103,000",100.00%,"72,000",100.00%,"52,000",100.00%,"86,000",100.00%,"76,000",100.00%,"58,000",100.00%,"83,000",100.00%,"154,000",100.00%,"1,440,000",100.00%,"1,235,000",100.00%,"890,000",100.00%,"677,000",100.00%,"573,000",100.00%,"378,000",100.00%,"341,000",100.00%,"202,000",100.00%,"105,000",100.00%,"1,183,000",100.00%,"324,000",100.00%,"173,000",100.00%,"148,000",100.00%,"717,000",100.00%,"633,000",100.00%,"574,000",100.00%,"397,000",100.00%,"333,000",100.00%,"200,000",100.00%,"101,000",100.00%,"112,000",100.00%,"626,000",100.00%,"315,000",100.00%,"208,000",100.00%,"208,000",100.00%,"305,000",100.00%,"48,000",100.00%,"7,389,000",100.00%,"2,384,000",100.00%,"2,373,000",100.00%,"1,572,000",100.00%,"1,838,000",100.00%,"120,000",100.00%,"29,211,000"
