,,%,Population,%,Population,%,Population,%,Population,%,Population,%,Population,%,Population,%,Population,%,Population,%,Population,%,Population,%,Population,%,Population,%,Population,%,Population,%,Population,%,Population,%,Population,%,Population,%,Population,%,Population,%,Population,%,Population,%,Population,%,Population,%,Population,%,Population,%,Population,%,Population,%,Population,%,Population,%,Population,%,Population,%,Population,%,Population,%,Population,%,Population,%,Population,%,Population,%,Population,%,Population,%,Population,%,Population,%,Population,%,Population
Full-time employed  ,2011,45.4%,"77,000",45.2%,"62,000",52.5%,"54,000",42.3%,"47,000",52.6%,"35,000",51.4%,"26,000",45.5%,"38,000",49.7%,"33,000",46.0%,"23,000",41.9%,"34,000",51.7%,"77,000",58.6%,"780,000",56.1%,"636,000",49.5%,"396,000",58.0%,"387,000",56.7%,"316,000",48.5%,"175,000",49.6%,"149,000",57.7%,"111,000",49.1%,"48,000",53.7%,"557,000",49.7%,"131,000",48.3%,"71,000",42.7%,"61,000",54.0%,"352,000",46.9%,"257,000",49.1%,"222,000",53.5%,"187,000",58.7%,"179,000",48.6%,"85,000",62.3%,"59,000",46.4%,"47,000",48.3%,"295,000",50.8%,"155,000",63.3%,"124,000",53.4%,"107,000",61.7%,"172,000",58.8%,"23,000",53.2%,"3,829,000",59.2%,"1,331,000",56.8%,"1,270,000",48.0%,"690,000",44.3%,"690,000",40.1%,"47,000",53.1%,"14,446,000"
Full-time employed  ,2012,41.3%,"70,000",52.8%,"72,000",36.9%,"38,000",46.5%,"51,000",50.7%,"34,000",42.1%,"21,000",69.2%,"57,000",49.7%,"34,000",48.0%,"25,000",45.8%,"36,000",35.6%,"52,000",58.4%,"795,000",57.1%,"661,000",56.0%,"450,000",65.0%,"442,000",62.4%,"353,000",52.3%,"196,000",48.6%,"148,000",44.0%,"85,000",38.7%,"40,000",49.5%,"522,000",45.9%,"125,000",37.8%,"58,000",51.0%,"71,000",52.6%,"342,000",51.4%,"286,000",43.8%,"213,000",40.8%,"151,000",45.0%,"137,000",61.5%,"109,000",49.1%,"47,000",28.6%,"29,000",54.2%,"334,000",50.6%,"157,000",51.7%,"104,000",51.5%,"104,000",54.9%,"158,000",51.6%,"21,000",53.2%,"3,940,000",60.2%,"1,387,000",56.4%,"1,309,000",48.4%,"697,000",51.9%,"825,000",55.7%,"63,000",53.4%,"14,850,000"
Full-time employed  ,2013,48.3%,"83,000",49.2%,"67,000",47.8%,"50,000",44.3%,"49,000",55.8%,"38,000",37.5%,"19,000",35.6%,"30,000",40.6%,"29,000",58.3%,"30,000",44.1%,"35,000",54.2%,"78,000",58.7%,"811,000",57.4%,"676,000",50.7%,"415,000",56.4%,"387,000",59.7%,"341,000",52.6%,"198,000",54.6%,"170,000",60.5%,"118,000",65.9%,"68,000",53.3%,"567,000",53.6%,"148,000",43.1%,"67,000",52.6%,"75,000",53.4%,"352,000",56.4%,"319,000",56.5%,"278,000",49.9%,"188,000",59.9%,"185,000",46.3%,"83,000",49.7%,"47,000",41.2%,"42,000",63.2%,"394,000",50.4%,"159,000",59.8%,"121,000",43.5%,"88,000",55.5%,"161,000",57.2%,"24,000",55.2%,"4,147,000",61.2%,"1,429,000",53.0%,"1,244,000",47.7%,"696,000",49.7%,"802,000",46.4%,"53,000",54.5%,"15,360,000"
Full-time employed  ,2014,53.4%,"93,000",47.8%,"66,000",56.9%,"59,000",53.4%,"59,000",59.9%,"40,000",50.3%,"25,000",40.7%,"34,000",44.0%,"31,000",39.6%,"20,000",39.4%,"32,000",43.3%,"63,000",51.6%,"726,000",59.6%,"715,000",52.9%,"440,000",62.7%,"436,000",66.6%,"384,000",55.8%,"213,000",62.6%,"197,000",52.9%,"105,000",58.1%,"61,000",57.6%,"620,000",53.3%,"151,000",75.6%,"118,000",49.0%,"71,000",48.5%,"325,000",42.7%,"245,000",50.4%,"253,000",61.3%,"234,000",52.2%,"163,000",40.3%,"73,000",54.4%,"53,000",55.7%,"57,000",59.6%,"376,000",55.2%,"177,000",46.2%,"94,000",62.6%,"129,000",60.6%,"178,000",24.6%,"10,000",56.3%,"4,266,000",58.6%,"1,390,000",50.4%,"1,196,000",59.3%,"880,000",46.6%,"771,000",53.1%,"62,000",55.0%,"15,690,000"
Full-time employed  ,2015,45.5%,"80,000",41.0%,"57,000",55.6%,"58,000",34.3%,"38,000",61.1%,"41,000",39.5%,"20,000",34.8%,"30,000",60.1%,"43,000",50.9%,"27,000",56.8%,"46,000",38.8%,"57,000",67.3%,"971,000",63.1%,"778,000",53.5%,"455,000",65.7%,"471,000",60.6%,"357,000",56.7%,"221,000",59.0%,"189,000",59.0%,"119,000",63.2%,"67,000",54.9%,"607,000",40.3%,"115,000",44.1%,"72,000",53.1%,"77,000",48.3%,"331,000",52.2%,"313,000",55.1%,"285,000",57.1%,"222,000",51.6%,"164,000",47.5%,"89,000",51.8%,"47,000",45.4%,"47,000",60.0%,"384,000",61.4%,"202,000",61.5%,"128,000",58.2%,"124,000",58.5%,"177,000",65.0%,"27,000",56.8%,"4,352,000",59.5%,"1,436,000",51.7%,"1,254,000",57.1%,"864,000",49.1%,"836,000",51.6%,"62,000",56.2%,"16,338,000"
Full-time employed  ,2016,43.0%,"76,000",44.5%,"62,000",41.7%,"44,000",46.7%,"51,000",55.5%,"38,000",38.3%,"20,000",46.8%,"40,000",48.7%,"35,000",47.3%,"25,000",43.5%,"35,000",39.7%,"59,000",55.7%,"812,000",59.1%,"739,000",61.9%,"535,000",58.3%,"421,000",60.8%,"362,000",57.9%,"227,000",49.8%,"161,000",64.3%,"131,000",56.3%,"60,000",52.1%,"585,000",53.9%,"156,000",58.9%,"98,000",35.5%,"52,000",58.1%,"402,000",45.5%,"275,000",49.8%,"262,000",54.0%,"213,000",50.3%,"161,000",50.0%,"94,000",46.9%,"43,000",51.1%,"54,000",51.2%,"329,000",58.3%,"193,000",59.2%,"124,000",45.7%,"99,000",48.7%,"149,000",58.4%,"25,000",53.3%,"4,109,000",56.2%,"1,370,000",54.9%,"1,344,000",50.0%,"768,000",57.6%,"998,000",41.2%,"50,000",54.1%,"15,887,000"
Full-time employed  ,2017,41.9%,"78,000",52.3%,"70,000",48.7%,"49,000",43.5%,"45,000",70.4%,"46,000",45.2%,"22,000",56.5%,"51,000",41.3%,"30,000",43.2%,"30,000",50.8%,"40,000",54.0%,"73,000",58.7%,"860,000",58.6%,"738,000",56.9%,"523,000",62.1%,"422,000",55.9%,"370,000",45.8%,"176,000",55.0%,"160,000",56.7%,"114,000",58.2%,"50,000",51.7%,"583,000",57.6%,"190,000",55.3%,"89,000",54.9%,"65,000",57.8%,"402,000",52.5%,"288,000",47.5%,"269,000",57.3%,"248,000",58.0%,"194,000",47.9%,"80,000",45.7%,"43,000",41.0%,"39,000",59.7%,"416,000",59.5%,"203,000",62.5%,"112,000",34.1%,"60,000",55.3%,"167,000",52.0%,"19,000",53.8%,"4,187,000",56.8%,"1,378,000",57.4%,"1,387,000",50.9%,"782,000",51.7%,"900,000",41.2%,"50,000",54.7%,"16,099,000"
Full-time employed  ,2018,42.1%,"69,000",53.7%,"76,000",52.5%,"50,000",49.2%,"51,000",58.8%,"44,000",34.3%,"19,000",52.5%,"44,000",57.1%,"46,000",39.8%,"24,000",51.2%,"46,000",44.5%,"61,000",59.9%,"885,000",59.2%,"752,000",54.7%,"509,000",65.3%,"459,000",55.8%,"345,000",43.6%,"178,000",55.3%,"160,000",58.6%,"101,000",53.2%,"61,000",54.5%,"623,000",64.8%,"197,000",52.6%,"90,000",47.1%,"70,000",46.5%,"328,000",53.7%,"354,000",54.2%,"331,000",46.2%,"169,000",48.1%,"138,000",45.4%,"68,000",51.8%,"59,000",34.0%,"28,000",53.2%,"324,000",58.7%,"223,000",61.4%,"122,000",45.7%,"91,000",57.0%,"176,000",54.9*,"26,000",52.7%,"4,117,000",59.5%,"1,456,000",54.1%,"1,317,000",49.2%,"764,000",55.4%,"980,000",36.7%,"45,000",54.1%,"16,076,000"
Full-time employed  ,2019,46.9%,"78,000",42.0%,"58,000",44.3%,"46,000",42.2%,"40,000",39.8%,"29,000",45.7%,"22,000",55.7%,"48,000",51.8%,"40,000",48.0%,"27,000",33.7%,"26,000",45.4%,"70,000",58.3%,"860,000",55.2%,"697,000",55.9%,"497,000",67.3%,"489,000",62.9%,"376,000",49.8%,"202,000",52.8%,"172,000",53.1%,"103,000",52.7%,"52,000",55.4%,"638,000",51.6%,"157,000",58.3%,"98,000",47.4%,"76,000",56.1%,"404,000",46.3%,"281,000",47.5%,"263,000",39.2%,"159,000",49.8%,"166,000",55.1%,"109,000",55.7%,"56,000",44.9%,"48,000",56.9%,"366,000",52.9%,"183,000",53.9%,"123,000",55.6%,"105,000",43.9%,"133,000",56.9%,"16,000",53.4%,"4,127,000",54.9%,"1,336,000",56.5%,"1,379,000",49.0%,"768,000",50.2%,"900,000",43.2%,"54,000",53.5%,"15,873,000"
Full-time employed  ,2020,52.8%,"86,000",43.4%,"57,000",56.5%,"57,000",37.0%,"41,000",47.1%,"31,000",37.0%,"17,000",33.3%,"29,000",45.2%,"34,000",46.3%,"26,000",53.0%,"40,000",46.8%,"70,000",61.5%,"907,000",54.9%,"693,000",55.0%,"490,000",67.1%,"486,000",52.6%,"313,000",52.3%,"201,000",60.7%,"198,000",57.0%,"114,000",49.3%,"54,000",56.3%,"654,000",55.1%,"171,000",58.8%,"99,000",48.8%,"78,000",52.3%,"380,000",47.9%,"292,000",54.7%,"307,000",40.5%,"165,000",48.0%,"161,000",40.1%,"80,000",48.2%,"49,000",53.9%,"58,000",44.9%,"292,000",53.1%,"174,000",53.4%,"113,000",48.4%,"88,000",58.1%,"182,000",40.9%,"19,000",52.6%,"4,046,000",57.1%,"1,386,000",54.6%,"1,332,000",56.3%,"885,000",47.0%,"852,000",41.3%,"51,000",53.4%,"15,862,000"
Full-time employed  ,2021,51.5%,"82,000",52.2%,"71,000",54.9%,"55,000",47.9%,"50,000",59.7%,"42,000",47.2%,"25,000",43.9%,"37,000",49.8%,"35,000",46.6%,"26,000",37.9%,"29,000",49.3%,"73,000",60.4%,"900,000",57.7%,"736,000",47.3%,"421,000",61.0%,"444,000",54.8%,"329,000",48.5%,"180,000",52.3%,"179,000",45.3%,"91,000",57.4%,"61,000",52.4%,"608,000",50.5%,"160,000",58.0%,"94,000",43.5%,"66,000",59.3%,"424,000",45.6%,"276,000",44.8%,"249,000",39.6%,"159,000",47.7%,"158,000",47.3%,"94,000",48.1%,"45,000",49.3%,"53,000",50.8%,"324,000",56.4%,"185,000",50.0%,"100,000",42.8%,"89,000",50.7%,"153,000",51.1%,"25,000",51.0%,"3,953,000",55.1%,"1,334,000",55.0%,"1,334,000",46.9%,"728,000",48.5%,"873,000",39.7%,"48,000",51.9%,"15,399,000"
Full-time employed  ,2022,40.4%,"65,000",43.6%,"61,000",48.2%,"50,000",42.6%,"46,000",45.3%,"31,000",31.1%,"16,000",45.4%,"41,000",55.6%,"43,000",47.1%,"28,000",34.8%,"28,000",36.2%,"53,000",63.5%,"923,000",53.2%,"675,000",47.3%,"428,000",61.7%,"421,000",59.0%,"343,000",41.0%,"157,000",46.0%,"157,000",53.9%,"108,000",53.1%,"53,000",55.1%,"654,000",50.8%,"169,000",53.2%,"89,000",43.7%,"67,000",46.4%,"332,000",42.5%,"261,000",48.2%,"276,000",43.6%,"176,000",45.8%,"153,000",44.2%,"89,000",52.3%,"49,000",43.3%,"47,000",47.8%,"306,000",61.7%,"202,000",59.9%,"120,000",41.3%,"88,000",47.8%,"145,000",52.4%,"27,000",52.2%,"3,956,000",57.1%,"1,386,000",55.4%,"1,338,000",50.0%,"791,000",48.8%,"888,000",32.7%,"38,000",52.0%,"15,377,000"
Full-time employed  ,2023,36.4%,"59,000",37.4%,"52,000",40.5%,"42,000",51.8%,"53,000",46.8%,"34,000",36.1%,"19,000",47.7%,"41,000",41.3%,"31,000",50.0%,"29,000",52.6%,"44,000",44.2%,"68,000",52.1%,"750,000",59.2%,"731,000",50.5%,"449,000",61.5%,"416,000",52.5%,"301,000",44.0%,"166,000",47.8%,"163,000",48.1%,"97,000",44.2%,"46,000",53.5%,"633,000",53.0%,"172,000",61.7%,"107,000",50.0%,"74,000",48.1%,"345,000",56.1%,"355,000",52.3%,"300,000",52.6%,"209,000",43.1%,"144,000",46.6%,"93,000",43.5%,"44,000",40.9%,"46,000",47.4%,"297,000",58.2%,"184,000",50.6%,"105,000",49.9%,"104,000",62.8%,"191,000",61.0%,"29,000",53.3%,"3,937,000",55.6%,"1,326,000",56.7%,"1,346,000",49.7%,"782,000",48.5%,"891,000",41.2%,"49,000",52.6%,"15,354,000"
Part-time employed  ,2011,7.8*,"13,000",8.6%,"12,000",10.3%,"11,000",9.8%,"11,000",11.1%,"7,000",13.9*,"7,000",4.3*,"4,000",18.1%,"12,000",6.7*,"3,000",13.4%,"11,000",7.4*,"11,000",9.4%,"125,000",9.3%,"106,000",14.6%,"117,000",8.5%,"57,000",8.3%,"46,000",11.2%,"40,000",6.9%,"21,000",8.0%,"15,000",8.8*,"9,000",7.9%,"82,000",5.4%,"14,000",14.7%,"22,000",12.4%,"18,000",7.4%,"48,000",5.6*,"30,000",7.2%,"32,000",6.8*,"24,000",8.3%,"25,000",6.8*,"12,000",2.4*,"2,000",4.3*,"4,000",11.9%,"73,000",11.5%,"35,000",7.7%,"15,000",12.6%,"25,000",3.3*,"9,000",3.1*,"1,000",8.6%,"620,000",7.9%,"177,000",9.7%,"218,000",8.6%,"124,000",8.1%,"126,000",5.6*,"7,000",8.8%,"2,380,000"
Part-time employed  ,2012,8.6*,"15,000",2.4*,"3,000",11.3%,"12,000",13.7%,"15,000",11.1%,"7,000",3.6*,"2,000",3.4*,"3,000",7.0*,"5,000",4.1*,"2,000",17.3%,"14,000",15.6*,"23,000",7.8%,"107,000",5.4%,"63,000",9.2%,"74,000",9.9%,"68,000",6.3%,"36,000",14.5%,"54,000",13.4%,"41,000",14.1%,"27,000",15.9%,"16,000",8.8%,"93,000",12.4*,"34,000",16.1*,"25,000",7.2*,"10,000",5.2*,"34,000",8.7*,"48,000",9.4*,"46,000",5.3%,"20,000",6.2*,"19,000",3.7*,"7,000",10.0*,"9,000",11.6*,"12,000",7.2%,"44,000",13.6%,"42,000",13.9*,"28,000",10.8*,"22,000",7.3*,"21,000",4.8*,"2,000",9.3%,"685,000",7.2%,"166,000",7.4%,"172,000",12.8%,"184,000",6.7%,"106,000",9.5%,"11,000",8.7%,"2,424,000"
Part-time employed  ,2013,11.4%,"20,000",4.0*,"6,000",17.7%,"18,000",3.6*,"4,000",6.3%,"4,000",7.2*,"4,000",9.7*,"8,000",8.5*,"6,000",2.2*,"1,000",14.8%,"12,000",5.5%,"8,000",9.0%,"124,000",5.6%,"66,000",7.2*,"59,000",10.1%,"69,000",7.9*,"45,000",9.3%,"35,000",9.3*,"29,000",8.0*,"16,000",10.2*,"10,000",8.5%,"90,000",6.2*,"17,000",9.8*,"15,000",7.7*,"11,000",9.0*,"59,000",8.3%,"47,000",10.9%,"53,000",2.8*,"11,000",5.2*,"16,000",14.1*,"25,000",8.0*,"8,000",14.6*,"15,000",10.3*,"64,000",10.2%,"32,000",9.3%,"19,000",15.5%,"32,000",10.0*,"29,000",9.9*,"4,000",8.6%,"646,000",6.5%,"152,000",8.7%,"204,000",8.2%,"119,000",7.6%,"123,000",10.7*,"12,000",8.3%,"2,347,000"
Part-time employed  ,2014,3.0*,"5,000",7.5*,"10,000",8.2*,"9,000",6.7*,"7,000",9.2%,"6,000",3.4*,"2,000",5.4*,"5,000",7.7*,"5,000",8.6*,"4,000",12.6*,"10,000",9.0*,"13,000",9.0%,"126,000",6.5%,"78,000",12.3%,"102,000",4.9*,"34,000",8.7*,"50,000",6.8%,"26,000",8.8*,"28,000",10.6*,"21,000",12.2*,"13,000",8.2%,"88,000",10.6*,"30,000",3.2*,"5,000",11.7*,"17,000",8.3*,"56,000",8.3*,"47,000",6.1*,"31,000",6.8*,"26,000",6.3*,"20,000",16.7%,"30,000",11.8*,"11,000",10.2*,"10,000",4.9*,"31,000",12.8*,"41,000",13.9%,"28,000",15.8*,"33,000",6.0*,"18,000",10.4*,"4,000",7.7%,"580,000",9.5%,"226,000",9.6%,"228,000",7.4%,"109,000",9.8%,"162,000",14.4*,"17,000",8.4%,"2,404,000"
Part-time employed  ,2015,8.1*,"14,000",13.2*,"18,000",8.9*,"9,000",13.3*,"15,000",9.0*,"6,000",8.8*,"4,000",10.0*,"8,000",7.9*,"6,000",6.6*,"3,000",3.3*,"3,000",8.5*,"12,000",7.3%,"106,000",7.5%,"92,000",6.3*,"54,000",8.6*,"62,000",8.9%,"52,000",11.3*,"44,000",8.2*,"26,000",10.4*,"21,000",10.3*,"11,000",10.9%,"121,000",11.4*,"33,000",14.6*,"24,000",13.3*,"19,000",9.5*,"65,000",7.0*,"42,000",8.5*,"44,000",8.9*,"35,000",13.4*,"43,000",11.7*,"22,000",11.3*,"10,000",7.0*,"7,000",7.8%,"50,000",11.2*,"37,000",10.1*,"21,000",14.7%,"31,000",10.4*,"31,000",7.2*,"3,000",9.7%,"739,000",8.9%,"215,000",8.7%,"210,000",7.5%,"114,000",8.1%,"138,000",7.5*,"9,000",9.0%,"2,630,000"
Part-time employed  ,2016,16.7*,"30,000",12.3*,"17,000",8.3*,"9,000",10.2*,"11,000",9.3*,"6,000",5.5*,"3,000",14.0*,"12,000",4.7*,"3,000",12.2*,"7,000",9.4*,"8,000",8.0*,"12,000",5.1*,"75,000",7.9%,"99,000",7.2*,"62,000",14.1*,"102,000",7.6*,"45,000",4.8*,"19,000",9.7*,"32,000",7.8*,"16,000",2.3*,"2,000",8.6*,"97,000",11.2*,"32,000",7.9*,"13,000",10.5*,"15,000",9.8*,"68,000",14.8*,"89,000",7.2*,"38,000",8.3*,"33,000",8.8*,"28,000",9.1*,"17,000",13.5*,"12,000",5.9*,"6,000",13.8*,"89,000",11.2*,"37,000",10.9*,"23,000",7.9*,"17,000",14.6*,"45,000",7.8*,"3,000",9.1%,"702,000",9.9%,"241,000",10.8%,"264,000",12.4%,"190,000",6.6%,"115,000",6.7*,"8,000",9.4%,"2,752,000"
Part-time employed  ,2017,18.2*,"34,000",6.9*,"9,000",9.6*,"10,000",4.9*,"5,000",8.6*,"6,000",3.9*,"2,000",4.1*,"4,000",13.9*,"10,000",10.0*,"7,000",7.5*,"6,000",6.9*,"9,000",9.1*,"133,000",9.1%,"114,000",7.4*,"68,000",7.5*,"51,000",13.2*,"87,000",10.7*,"41,000",10.8*,"31,000",7.1*,"14,000",5.1*,"4,000",10.0%,"113,000",6.6*,"22,000",11.6*,"19,000",7.3*,"9,000",7.9*,"55,000",6.2*,"34,000",5.2*,"29,000",5.4*,"23,000",11.0*,"37,000",12.1*,"20,000",5.8*,"5,000",13.2*,"12,000",11.2*,"78,000",6.7*,"23,000",6.8*,"12,000",9.9*,"17,000",12.5*,"38,000",12.7*,"5,000",10.7%,"830,000",10.7%,"260,000",9.1%,"221,000",7.2%,"111,000",8.5%,"148,000",8.5*,"10,000",9.4%,"2,777,000"
Part-time employed  ,2018,14.4*,"24,000",8.5*,"12,000",12.0*,"11,000",4.5*,"5,000",8.7*,"6,000",5.6*,"3,000",5.9*,"5,000",3.9*,"3,000",8.2*,"5,000",6.1*,"5,000",9.2*,"13,000",9.7%,"144,000",8.7%,"111,000",9.7%,"90,000",5.0%,"35,000",5.1*,"31,000",12.2*,"50,000",12.7*,"37,000",9.0*,"16,000",12.3*,"14,000",9.7*,"111,000",4.9*,"15,000",14.3*,"24,000",17.6*,"26,000",9.7*,"69,000",5.3*,"35,000",7.7*,"47,000",10.0*,"37,000",8.0*,"23,000",16.5*,"25,000",5.3*,"6,000",7.4*,"6,000",12.1*,"73,000",10.6*,"40,000",11.7*,"23,000",17.1*,"34,000",6.3*,"20,000",4.6*,"2,000",10.1%,"791,000",7.4%,"181,000",8.0%,"196,000",10.3%,"160,000",7.9%,"139,000",11.0*,"13,000",9.1%,"2,717,000"
Part-time employed  ,2019,7.6%,"13,000",3.7%,"5,000",5.5%,"6,000",6.8%,"6,000",8.0*,"6,000",7.9%,"4,000",2.5%,"2,000",6.9%,"5,000",8.3%,"5,000",16.6%,"13,000",9.5%,"15,000",9.9%,"147,000",12.3%,"155,000",9.4%,"84,000",2.9%,"21,000",9.9%,"59,000",7.6%,"31,000",13.0%,"42,000",9.1%,"18,000",9.9*,"10,000",7.8%,"90,000",5.3*,"16,000",6.2%,"10,000",9.2%,"15,000",6.8%,"49,000",14.0%,"85,000",7.6%,"42,000",9.6%,"39,000",8.8%,"29,000",6.4%,"13,000",12.2%,"12,000",6.6%,"7,000",9.6%,"62,000",11.9%,"41,000",10.8%,"25,000",13.4%,"25,000",17.8%,"54,000",9.0%,"3,000",9.7%,"750,000",11.4%,"278,000",8.2%,"200,000",10.2%,"160,000",7.6%,"136,000",9.8%,"12,000",9.4%,"2,798,000"
Part-time employed  ,2020,10.0%,"16,000",11.1%,"15,000",4.8%,"5,000",4.0%,"4,000",12.1%,"8,000",9.7%,"5,000",9.4%,"8,000",17.9%,"13,000",10.7*,"6,000",8.7%,"7,000",8.0%,"12,000",12.3%,"182,000",13.5%,"170,000",6.9%,"62,000",6.6%,"48,000",13.9%,"83,000",10.5%,"40,000",6.8%,"22,000",10.2%,"20,000",13.8*,"15,000",7.1%,"82,000",5.5%,"17,000",5.8%,"10,000",3.2*,"5,000",8.6%,"62,000",10.0%,"61,000",6.2%,"35,000",4.5%,"18,000",10.6%,"36,000",10.2%,"20,000",6.0%,"6,000",6.6%,"7,000",10.9%,"71,000",17.2%,"57,000",7.8%,"16,000",13.0%,"24,000",15.6%,"49,000",8.1%,"4,000",9.9%,"759,000",7.8%,"189,000",10.7%,"262,000",8.0%,"126,000",12.3%,"224,000",9.6%,"12,000",9.7%,"2,893,000"
Part-time employed  ,2021,11.2%,"18,000",7.7%,"10,000",8.5%,"8,000",8.0%,"8,000",4.6%,"3,000",6.6%,"3,000",6.9%,"6,000",10.7%,"7,000",10.6%,"6,000",13.2%,"10,000",3.2%,"5,000",6.3%,"93,000",8.7%,"111,000",11.0%,"98,000",10.8%,"79,000",5.4%,"33,000",11.5%,"43,000",4.2%,"14,000",11.2%,"22,000",7.7%,"8,000",9.8%,"113,000",5.6%,"18,000",12.1%,"20,000",8.2%,"13,000",5.3%,"38,000",6.8%,"41,000",10.3%,"57,000",13.1%,"53,000",11.6%,"38,000",7.9%,"16,000",11.0%,"10,000",9.8%,"11,000",7.8%,"50,000",10.1%,"33,000",4.9%,"10,000",12.0%,"25,000",14.1%,"43,000",7.9%,"4,000",8.7%,"675,000",9.2%,"224,000",7.7%,"186,000",8.9%,"138,000",10.8%,"193,000",7.1%,"9,000",8.8%,"2,603,000"
Part-time employed  ,2022,14.4%,"23,000",4.9%,"7,000",10.2%,"11,000",12.2%,"13,000",5.7%,"4,000",20.8%,"11,000",13.4%,"12,000",5.5%,"4,000",1.7%,"1,000",18.7%,"15,000",10.0%,"15,000",9.2%,"133,000",8.2%,"104,000",11.7%,"106,000",7.4%,"50,000",8.9%,"52,000",12.0%,"46,000",7.9%,"27,000",10.5%,"21,000",7.0%,"7,000",6.5%,"77,000",9.8%,"33,000",17.4%,"29,000",16.6%,"26,000",8.5%,"61,000",8.9%,"55,000",7.7%,"44,000",12.7%,"51,000",10.2%,"34,000",8.5%,"17,000",9.7%,"9,000",15.7%,"17,000",11.6%,"74,000",10.1%,"33,000",15.4%,"31,000",7.8%,"17,000",11.4%,"35,000",14.4*,"7,000",10.1%,"764,000",9.8%,"238,000",8.4%,"204,000",9.7%,"154,000",10.7%,"196,000",16.7%,"20,000",9.8%,"2,886,000"
Part-time employed  ,2023,19.8%,"32,000",8.3%,"12,000",7.9%,"8,000",5.0%,"5,000",15.6%,"11,000",11.3%,"6,000",12.3%,"11,000",16.4%,"12,000",8.5%,"5,000",7.0%,"6,000",5.9%,"9,000",6.8%,"97,000",11.4%,"141,000",7.4%,"66,000",5.7%,"39,000",9.3%,"53,000",13.2%,"50,000",6.4%,"22,000",6.9%,"14,000",17.6%,"18,000",6.7%,"79,000",2.8%,"9,000",9.5%,"17,000",7.9%,"12,000",7.0%,"50,000",6.2%,"40,000",9.5%,"54,000",8.9%,"35,000",8.6*,"29,000",7.8%,"16,000",11.5%,"12,000",5.5%,"6,000",6.6%,"41,000",8.4%,"27,000",4.9%,"10,000",7.8%,"16,000",8.9%,"27,000",9.0%,"4,000",8.6%,"639,000",7.0%,"167,000",7.3%,"173,000",6.5%,"102,000",8.4%,"154,000",7.7%,"9,000",8.0%,"2,345,000"
"Employed, not at work last week ",2011,-,-,-,-,-,-,-,-,-,-,-,-,-,-,-,-,-,-,-,-,-,-,0.2*,"2,000",0.3*,"4,000",0.3*,"2,000",-,-,-,-,-,-,0.3*,"1,000",-,-,-,-,-,-,0.6*,"2,000",-,-,-,-,-,-,-,-,-,-,-,-,-,-,-,-,-,-,-,-,-,-,-,-,-,-,1.5*,"3,000",-,-,-,-,0.4*,"26,000",-,-,0.2*,"4,000",0.6*,"9,000",0.6*,"10,000",-,-,0.3%,"84,000"
"Employed, not at work last week ",2012,-,-,-,-,-,-,-,-,-,-,-,-,-,-,-,-,-,-,-,-,-,-,-,-,-,-,-,-,-,-,-,-,-,-,-,-,-,-,-,-,-,-,-,-,-,-,-,-,-,-,-,-,-,-,-,-,-,-,-,-,-,-,-,-,-,-,-,-,-,-,-,-,-,-,-,-,0.2%,"17,000",-,-,0.6*,"13,000",0.8*,"12,000",-,-,-,-,0.4%,"98,000"
"Employed, not at work last week ",2013,-,-,-,-,-,-,0.7*,"1,000",-,-,-,-,-,-,-,-,-,-,-,-,-,-,0.3*,"5,000",0.1*,"2,000",-,-,0.5*,"3,000",-,-,-,-,-,-,-,-,-,-,-,-,-,-,-,-,1.9*,"3,000",1.1*,"7,000",-,-,-,-,1.4*,"5,000",-,-,-,-,-,-,-,-,-,-,-,-,-,-,-,-,-,-,-,-,0.1*,"8,000",0.3*,"6,000",0.1*,"2,000",-,-,0.1*,"1,000",-,-,0.2%,"68,000"
"Employed, not at work last week ",2014,-,-,-,-,-,-,-,-,-,-,-,-,-,-,-,-,-,-,-,-,-,-,-,-,-,-,-,-,-,-,-,-,-,-,0.7*,"2,000",-,-,-,-,-,-,-,-,-,-,-,-,-,-,-,-,-,-,-,-,-,-,-,-,-,-,-,-,-,-,-,-,2.3*,"5,000",-,-,-,-,-,-,0.2*,"15,000",0.7*,"17,000",0.1*,"2,000",-,-,0.6*,"10,000",-,-,0.2%,"68,000"
"Employed, not at work last week ",2015,-,-,1.1*,"1,000",1.0*,"1,000",-,-,-,-,-,-,-,-,-,-,-,-,-,-,-,-,-,-,0.5*,"7,000",-,-,-,-,-,-,-,-,-,-,1.0*,"2,000",-,-,-,-,-,-,-,-,-,-,-,-,-,-,-,-,-,-,-,-,-,-,1.0*,"1,000",-,-,-,-,-,-,-,-,-,-,-,-,-,-,0.3*,"22,000",-,-,0.3*,"8,000",0.3*,"5,000",0.4*,"7,000",-,-,0.3%,"91,000"
"Employed, not at work last week ",2016,-,-,-,-,-,-,-,-,-,-,-,-,-,-,-,-,-,-,-,-,-,-,0.2*,"2,000",-,-,-,-,-,-,-,-,-,-,-,-,-,-,-,-,-,-,-,-,-,-,-,-,-,-,-,-,-,-,-,-,-,-,-,-,-,-,-,-,-,-,-,-,-,-,-,-,-,-,-,-,0.4*,"27,000",-,-,0.3*,"7,000",-,-,0.3*,"5,000",-,-,0.3*,"75,000"
"Employed, not at work last week ",2017,-,-,-,-,-,-,-,-,-,-,-,-,-,-,-,-,-,-,-,-,-,-,0.3*,"5,000",0.4*,"5,000",-,-,-,-,0.4*,"3,000",-,-,-,-,-,-,-,-,-,-,-,-,-,-,-,-,-,-,-,-,-,-,-,-,-,-,-,-,-,-,-,-,-,-,-,-,-,-,-,-,-,-,-,-,0.3*,"26,000",-,-,0.3*,"6,000",-,-,0.1*,"2,000",-,-,0.2*,"58,000"
"Employed, not at work last week ",2018,-,-,-,-,-,-,-,-,-,-,-,-,-,-,-,-,-,-,-,-,-,-,-,-,0.6*,"8,000",0.7*,"7,000",0.6*,"4,000",-,-,-,-,-,-,-,-,-,-,-,-,-,-,-,-,-,-,-,-,-,-,-,-,-,-,-,-,-,-,-,-,-,-,-,-,-,-,-,-,-,-,-,-,-,-,0.2*,"19,000",0.2*,"5,000",0.2*,"5,000",-,-,0.5*,"8,000",-,-,0.3%,"76,000"
"Employed, not at work last week ",2019,-,-,-,-,-,-,-,-,-,-,-,-,0.8*,"1,000",-,-,-,-,-,-,-,-,2.5%,"36,000",2.0%,"25,000",1.0*,"9,000",-,-,-,-,0.8*,"3,000",1.6*,"5,000",0.5*,"1,000",1.7*,"2,000",0.2*,"2,000",-,-,-,-,-,-,-,-,-,-,-,-,5.1*,"20,000",-,-,-,-,-,-,0.9*,"1,000",-,-,-,-,-,-,-,-,-,-,-,-,0.9%,"71,000",1.2%,"28,000",0.4*,"9,000",1.0*,"15,000",1.4%,"24,000",-,-,0.9%,"278,000"
"Employed, not at work last week ",2020,-,-,-,-,-,-,-,-,-,-,-,-,-,-,-,-,-,-,-,-,-,-,2.7*,"39,000",0.8*,"10,000",-,-,1.9*,"14,000",-,-,-,-,-,-,-,-,-,-,2.8*,"32,000",-,-,-,-,-,-,-,-,-,-,-,-,-,-,1.1*,"4,000",-,-,-,-,3.2*,"3,000",5.1*,"33,000",1.0*,"3,000",-,-,-,-,-,-,-,-,1.1%,"88,000",0.7%,"17,000",1.4*,"34,000",1.7*,"27,000",1.2%,"21,000",-,-,1.3%,"372,000"
"Employed, not at work last week ",2021,2.5*,"4,000",-,-,-,-,1.2*,"1,000",-,-,-,-,-,-,2.7*,"2,000",2.1*,"1,000",1.5*,"1,000",-,-,1.1*,"16,000",1.8%,"23,000",2.0*,"18,000",2.3*,"17,000",-,-,-,-,-,-,-,-,-,-,0.7*,"8,000",0.8*,"2,000",2.1*,"3,000",-,-,0.5*,"4,000",2.5*,"15,000",-,-,-,-,-,-,0.5*,"1,000",-,-,1.2*,"1,000",1.6*,"10,000",-,-,0.4*,"1,000",-,-,-,-,-,-,1.0%,"77,000",1.3%,"32,000",0.4%,"9,000",2.2%,"34,000",0.4%,"7,000",-,-,1.0%,"303,000"
"Employed, not at work last week ",2022,2.3*,"4,000",-,-,-,-,-,-,-,-,-,-,-,-,-,-,-,-,-,-,-,-,1.0%,"15,000",2.0%,"26,000",2.3*,"21,000",-,-,4.8%,"28,000",-,-,0.3*,"1,000",-,-,-,-,0.6*,"7,000",-,-,-,-,3.6*,"6,000",0.6*,"5,000",2.1*,"13,000",0.8*,"4,000",2.1*,"8,000",2.3*,"8,000",3.5*,"7,000",-,-,-,-,0.2*,"1,000",-,-,-,-,1.0*,"2,000",1.2*,"4,000",-,-,1.1%,"85,000",0.3%,"8,000",1.4%,"33,000",1.2%,"19,000",1.5*,"27,000",-,-,1.2%,"349,000"
"Employed, not at work last week ",2023,0.6*,"1,000",-,-,1.4*,"1,000",-,-,0.7*,"1,000",-,-,1.7*,"1,000",-,-,-,-,0.6*,"1,000",0.6*,"1,000",2.0%,"29,000",1.0*,"12,000",1.4*,"12,000",-,-,-,-,-,-,-,-,2.0*,"4,000",-,-,0.6*,"7,000",-,-,1.3*,"2,000",-,-,1.2*,"8,000",0.3*,"2,000",0.5*,"3,000",-,-,1.0*,"3,000",1.2*,"2,000",1.9*,"2,000",-,-,2.8*,"17,000",-,-,-,-,0.5*,"1,000",-,-,-,-,1.1%,"80,000",0.5*,"12,000",0.7%,"17,000",2.1%,"33,000",1.4%,"26,000",2.6*,"3,000",1.1%,"314,000"
Unemployed and looking for work ,2011,9.4*,"16,000",7.4*,"10,000",10.0*,"10,000",10.1%,"11,000",4.9*,"3,000",2.0*,"1,000",12.7%,"11,000",9.2%,"6,000",12.2*,"6,000",6.9*,"6,000",2.7*,"4,000",5.3%,"71,000",9.9%,"112,000",8.9%,"71,000",7.0%,"47,000",9.1*,"51,000",9.9%,"35,000",8.4%,"25,000",6.5*,"12,000",4.1*,"4,000",9.8%,"102,000",7.8*,"20,000",11.6%,"17,000",6.4*,"9,000",6.7%,"43,000",12.8%,"70,000",9.7%,"44,000",15.3%,"53,000",9.1%,"28,000",14.3*,"25,000",8.3*,"8,000",16.9*,"17,000",9.5%,"58,000",4.5*,"14,000",3.8*,"7,000",3.5*,"7,000",6.9*,"19,000",11.7*,"5,000",9.8%,"707,000",8.6%,"194,000",8.3%,"185,000",12.3%,"176,000",12.1%,"188,000",9.1%,"11,000",9.3%,"2,520,000"
Unemployed and looking for work ,2012,11.2*,"19,000",-,-,6.3*,"7,000",6.0*,"7,000",2.7*,"2,000",16.4*,"8,000",1.5*,"1,000",6.6*,"5,000",5.4*,"3,000",7.1*,"6,000",12.4*,"18,000",7.0%,"96,000",11.2%,"130,000",5.5*,"44,000",3.8*,"26,000",2.5*,"14,000",2.1*,"8,000",9.1*,"28,000",8.4*,"16,000",1.8*,"2,000",9.6%,"102,000",5.9*,"16,000",8.0*,"12,000",6.8*,"9,000",10.8%,"71,000",6.3*,"35,000",13.5%,"66,000",13.8%,"51,000",20.4%,"62,000",2.3*,"4,000",26.3*,"25,000",20.8*,"21,000",9.4%,"58,000",6.9*,"22,000",3.7*,"7,000",3.5*,"7,000",13.4%,"38,000",8.6*,"3,000",9.3%,"687,000",6.8%,"156,000",6.2%,"144,000",6.5%,"94,000",8.3%,"132,000",8.4*,"10,000",8.2%,"2,275,000"
Unemployed and looking for work ,2013,6.1*,"10,000",7.9*,"11,000",6.7*,"7,000",4.9*,"5,000",3.6*,"2,000",7.1*,"4,000",3.5*,"3,000",5.3*,"4,000",7.7*,"4,000",5.9*,"5,000",5.0*,"7,000",4.8%,"66,000",6.6%,"78,000",9.3*,"76,000",6.9*,"48,000",2.2*,"13,000",5.9*,"22,000",8.5*,"26,000",5.7*,"11,000",4.3*,"4,000",5.5*,"59,000",3.0*,"8,000",23.0*,"36,000",9.4*,"13,000",8.9*,"59,000",4.5*,"25,000",4.7*,"23,000",10.4*,"39,000",10.2*,"31,000",10.0*,"18,000",10.1*,"10,000",4.7*,"5,000",3.4*,"21,000",6.8*,"22,000",4.7*,"10,000",5.3*,"11,000",4.5*,"13,000",4.3*,"2,000",8.0%,"604,000",6.2%,"145,000",8.2%,"194,000",9.2%,"135,000",9.0%,"145,000",14.2*,"16,000",7.3%,"2,051,000"
Unemployed and looking for work ,2014,9.4*,"16,000",2.1*,"3,000",4.7*,"5,000",2.0*,"2,000",-,-,2.4*,"1,000",10.7*,"9,000",6.9*,"5,000",8.5*,"4,000",4.8*,"4,000",2.9*,"4,000",4.8%,"68,000",3.9*,"47,000",10.2*,"85,000",10.3*,"71,000",6.8*,"39,000",4.1*,"16,000",3.5*,"11,000",5.0*,"10,000",3.1*,"3,000",3.3*,"36,000",6.9*,"19,000",3.2*,"5,000",-,-,5.6*,"38,000",12.3*,"70,000",8.8*,"44,000",4.4*,"17,000",2.9*,"9,000",8.7*,"16,000",10.2*,"10,000",5.8*,"6,000",4.1*,"26,000",3.9*,"12,000",8.9*,"18,000",0.4*,"1,000",13.3*,"39,000",12.0*,"5,000",8.1%,"610,000",6.1%,"146,000",7.2%,"170,000",8.5%,"126,000",9.6%,"158,000",8.6*,"10,000",7.0%,"1,998,000"
Unemployed and looking for work ,2015,4.8*,"9,000",5.2*,"7,000",0.8*,"1,000",-,-,2.4*,"2,000",1.5*,"1,000",2.7*,"2,000",3.0*,"2,000",4.0*,"2,000",-,-,3.3*,"5,000",3.6*,"52,000",2.4*,"29,000",4.4*,"37,000",2.3*,"16,000",2.7*,"16,000",1.8*,"7,000",1.7*,"6,000",3.5*,"7,000",-,-,2.5*,"27,000",3.7*,"11,000",2.7*,"4,000",3.3*,"5,000",3.2*,"22,000",5.3*,"32,000",5.8*,"30,000",4.4*,"17,000",5.2*,"16,000",7.9*,"15,000",7.1*,"6,000",12.0*,"13,000",5.0*,"32,000",-,-,2.9*,"6,000",-,-,3.1*,"9,000",2.8*,"1,000",5.6%,"426,000",5.2*,"125,000",4.6%,"112,000",6.0%,"90,000",4.5*,"77,000",4.9*,"6,000",4.4%,"1,287,000"
Unemployed and looking for work ,2016,7.4*,"13,000",5.2*,"7,000",11.7*,"12,000",-,-,4.1*,"3,000",-,-,-,-,5.6*,"4,000",5.2*,"3,000",-,-,0.6*,"1,000",7.6*,"111,000",7.3*,"91,000",3.1*,"27,000",5.5*,"39,000",7.7*,"46,000",1.9*,"7,000",7.9*,"26,000",4.8*,"10,000",0.9*,"1,000",5.7*,"64,000",4.8*,"14,000",3.6*,"6,000",6.4*,"9,000",5.7*,"39,000",6.0*,"36,000",3.1*,"16,000",2.8*,"11,000",0.9*,"3,000",9.3*,"18,000",5.7*,"5,000",6.2*,"7,000",3.7*,"24,000",5.7*,"19,000",3.2*,"7,000",1.8*,"4,000",6.6*,"20,000",3.4*,"1,000",5.9%,"453,000",5.1*,"123,000",3.8%,"93,000",5.0*,"77,000",5.5%,"96,000",8.2*,"10,000",5.3%,"1,558,000"
Unemployed and looking for work ,2017,3.6*,"7,000",3.2*,"4,000",4.1*,"4,000",10.1*,"10,000",1.9*,"1,000",8.1*,"4,000",1.2*,"1,000",3.5*,"3,000",3.9*,"3,000",1.3*,"1,000",1.6*,"2,000",1.9*,"28,000",3.9*,"49,000",3.5*,"32,000",-,-,3.1*,"21,000",1.8*,"7,000",3.7*,"11,000",2.0*,"4,000",2.7*,"2,000",4.8*,"54,000",1.3*,"4,000",3.0*,"5,000",1.5*,"2,000",4.4*,"31,000",4.3*,"23,000",9.6*,"54,000",1.4*,"6,000",4.5*,"15,000",2.6*,"4,000",4.0*,"4,000",7.8*,"7,000",2.5*,"18,000",3.0*,"10,000",1.3*,"2,000",-,-,2.9*,"9,000",-,-,4.4%,"342,000",3.3*,"80,000",4.0%,"97,000",5.6*,"85,000",4.4*,"77,000",2.6*,"3,000",3.9%,"1,135,000"
Unemployed and looking for work ,2018,3.6*,"6,000",2.3*,"3,000",5.0*,"5,000",2.3*,"2,000",2.4*,"2,000",2.3*,"1,000",2.0*,"2,000",3.7*,"3,000",5.0*,"3,000",0.7*,"1,000",-,-,2.0*,"30,000",4.0*,"51,000",4.0*,"37,000",2.7*,"19,000",4.3*,"26,000",2.5*,"10,000",6.4*,"18,000",1.5*,"3,000",0.8*,"1,000",3.1*,"36,000",2.2*,"7,000",3.4*,"6,000",2.3*,"3,000",8.3*,"58,000",4.5*,"29,000",6.9*,"42,000",2.8*,"10,000",2.6*,"7,000",7.7*,"11,000",17.3*,"20,000",6.5*,"5,000",6.1*,"37,000",4.1*,"15,000",2.3*,"5,000",1.4*,"3,000",1.3*,"4,000",4.9*,"2,000",5.3%,"411,000",3.8*,"93,000",5.2%,"127,000",4.3*,"67,000",1.9*,"34,000",3.2*,"4,000",4.3%,"1,264,000"
Unemployed and looking for work ,2019,6.7%,"11,000",5.1*,"7,000",10.0%,"10,000",1.6*,"2,000",7.4*,"5,000",3.4*,"2,000",3.9%,"3,000",5.8*,"4,000",6.5%,"4,000",1.1*,"1,000",-,-,3.1*,"45,000",3.5%,"44,000",3.2*,"29,000",3.8%,"28,000",2.2*,"13,000",5.2*,"21,000",2.1*,"7,000",5.4*,"11,000",10.2%,"10,000",6.6%,"76,000",3.4*,"10,000",7.7*,"13,000",1.1*,"2,000",9.7%,"70,000",3.5*,"21,000",2.5*,"14,000",7.2%,"29,000",9.8%,"33,000",7.2%,"14,000",9.8%,"10,000",9.8*,"11,000",3.6*,"23,000",9.4%,"32,000",2.7*,"6,000",2.0*,"4,000",19.5%,"59,000",9.8%,"3,000",6.7%,"514,000",4.2%,"102,000",5.8%,"140,000",7.1%,"111,000",8.3%,"149,000",13.2%,"16,000",5.8%,"1,721,000"
Unemployed and looking for work ,2020,3.3*,"5,000",3.2*,"4,000",7.3%,"7,000",0.9*,"1,000",6.0*,"4,000",3.7*,"2,000",11.8*,"10,000",4.1*,"3,000",7.6%,"4,000",1.5*,"1,000",1.5*,"2,000",3.2%,"47,000",5.5%,"70,000",10.3%,"92,000",2.2%,"16,000",5.0%,"30,000",6.4*,"24,000",1.9*,"6,000",6.9%,"14,000",6.0*,"7,000",5.2%,"60,000",1.7*,"5,000",1.6*,"3,000",3.5*,"6,000",9.3%,"67,000",7.6%,"47,000",8.4%,"47,000",23.4%,"95,000",7.0*,"24,000",3.3*,"7,000",15.1*,"15,000",2.2*,"2,000",6.9%,"45,000",1.2*,"4,000",7.2*,"15,000",4.5%,"8,000",2.8*,"9,000",5.3*,"3,000",6.4%,"492,000",7.6%,"183,000",5.0%,"121,000",5.5%,"87,000",6.6%,"120,000",4.7%,"6,000",6.1%,"1,820,000"
Unemployed and looking for work ,2021,5.0%,"8,000",5.1%,"7,000",3.6%,"4,000",4.3*,"4,000",3.7*,"3,000",9.0%,"5,000",9.4%,"8,000",5.8%,"4,000",6.0%,"3,000",4.4*,"3,000",7.3%,"11,000",5.4%,"80,000",7.0%,"90,000",3.8%,"34,000",6.3%,"46,000",9.6%,"57,000",1.8*,"7,000",7.2%,"25,000",6.4%,"13,000",5.9%,"6,000",5.7%,"66,000",9.6%,"30,000",6.5%,"11,000",7.9%,"12,000",5.8%,"41,000",10.4%,"63,000",9.2%,"51,000",15.7%,"63,000",8.8%,"29,000",12.8%,"25,000",12.5%,"12,000",2.4*,"3,000",6.0%,"38,000",4.7%,"15,000",8.1*,"16,000",11.8%,"25,000",6.8%,"21,000",9.5%,"5,000",9.5%,"732,000",7.3%,"177,000",7.1%,"173,000",8.8%,"137,000",6.8%,"122,000",19.3%,"24,000",7.8%,"2,308,000"
Unemployed and looking for work ,2022,16.2%,"26,000",9.0*,"13,000",2.7*,"3,000",-,-,8.7%,"6,000",4.2*,"2,000",-,-,5.0%,"4,000",13.3%,"8,000",-,-,0.9*,"1,000",4.1%,"60,000",8.1%,"103,000",5.3%,"48,000",5.1%,"34,000",1.7*,"10,000",1.7*,"6,000",2.9*,"10,000",5.0*,"10,000",1.7*,"2,000",5.4%,"64,000",2.3*,"8,000",8.5%,"14,000",6.5*,"10,000",13.5%,"96,000",8.9%,"55,000",11.2%,"64,000",9.3%,"38,000",10.4%,"35,000",2.6%,"5,000",6.1%,"6,000",5.4*,"6,000",9.7%,"62,000",3.5*,"12,000",1.4*,"3,000",8.8%,"19,000",8.2*,"25,000",9.7%,"5,000",7.4%,"562,000",5.5%,"133,000",4.3%,"103,000",6.3%,"99,000",5.8%,"106,000",7.9*,"9,000",6.4%,"1,889,000"
Unemployed and looking for work ,2023,8.5%,"14,000",2.9*,"4,000",7.4*,"8,000",2.1*,"2,000",7.5%,"5,000",8.1%,"4,000",6.8%,"6,000",9.7%,"7,000",7.5%,"4,000",1.6*,"1,000",1.6*,"2,000",7.5%,"109,000",5.4%,"66,000",6.6%,"59,000",5.6%,"38,000",3.3*,"19,000",7.7%,"29,000",3.3*,"11,000",2.6*,"5,000",1.4*,"1,000",8.2%,"97,000",1.9*,"6,000",1.0*,"2,000",1.3*,"2,000",9.6%,"68,000",10.1%,"64,000",7.8%,"45,000",2.8*,"11,000",7.2%,"24,000",11.3%,"23,000",13.1%,"13,000",18.7%,"21,000",5.7%,"36,000",3.9*,"12,000",4.3%,"9,000",2.7*,"6,000",2.8*,"8,000",3.1*,"1,000",7.3%,"538,000",6.2%,"148,000",5.4%,"129,000",5.9%,"93,000",7.7%,"142,000",9.4%,"11,000",6.5%,"1,905,000"
Unemployed and not looking for work ,2011,37.4%,"64,000",38.0%,"52,000",27.2%,"28,000",37.8%,"42,000",30.7%,"20,000",32.7%,"17,000",37.5%,"32,000",22.9%,"15,000",35.0%,"18,000",37.1%,"30,000",38.1%,"57,000",26.5%,"353,000",24.3%,"275,000",26.7%,"214,000",26.2%,"175,000",25.9%,"145,000",30.1%,"108,000",34.8%,"104,000",27.9%,"53,000",37.6%,"37,000",28.6%,"296,000",36.5%,"96,000",25.0%,"37,000",38.4%,"55,000",31.7%,"206,000",34.8%,"191,000",33.9%,"153,000",24.5%,"86,000",23.9%,"73,000",30.4%,"53,000",26.8%,"26,000",31.8%,"32,000",29.0%,"177,000",32.8%,"100,000",24.8%,"49,000",28.9%,"58,000",27.6%,"77,000",25.9%,"10,000",28.0%,"2,020,000",24.3%,"546,000",25.1%,"560,000",30.5%,"438,000",34.9%,"544,000",44.9%,"53,000",28.6%,"7,774,000"
Unemployed and not looking for work ,2012,38.3%,"65,000",41.2%,"56,000",44.7%,"46,000",33.8%,"37,000",35.4%,"24,000",38.0%,"19,000",25.8%,"21,000",36.4%,"25,000",42.6%,"22,000",29.8%,"24,000",36.4%,"53,000",26.7%,"364,000",26.3%,"305,000",28.0%,"225,000",21.0%,"143,000",28.8%,"163,000",31.0%,"116,000",28.9%,"88,000",28.8%,"56,000",43.0%,"44,000",32.0%,"337,000",34.1%,"93,000",37.7%,"58,000",35.0%,"49,000",30.4%,"198,000",33.4%,"186,000",33.1%,"161,000",40.1%,"149,000",28.5%,"86,000",32.2%,"57,000",14.6*,"14,000",36.8%,"37,000",29.1%,"179,000",28.1%,"88,000",27.9%,"56,000",34.0%,"69,000",23.9%,"69,000",35.0%,"14,000",28.0%,"2,073,000",25.8%,"595,000",29.4%,"682,000",31.5%,"454,000",32.9%,"522,000",26.5%,"30,000",29.3%,"8,150,000"
Unemployed and not looking for work ,2013,34.1%,"58,000",38.4%,"53,000",27.7%,"29,000",46.6%,"51,000",34.2%,"23,000",48.1%,"24,000",51.3%,"43,000",45.2%,"32,000",31.7%,"16,000",35.1%,"28,000",33.1%,"48,000",27.2%,"376,000",30.2%,"355,000",32.6%,"267,000",26.1%,"179,000",30.0%,"171,000",32.2%,"121,000",27.2%,"85,000",24.7%,"48,000",19.4%,"20,000",32.6%,"347,000",37.1%,"103,000",24.1%,"37,000",28.4%,"41,000",27.6%,"182,000",30.9%,"175,000",27.8%,"137,000",35.5%,"134,000",24.6%,"76,000",28.9%,"52,000",32.0%,"30,000",38.2%,"39,000",21.7%,"135,000",31.8%,"100,000",26.2%,"53,000",35.7%,"73,000",29.7%,"86,000",28.3%,"12,000",28.0%,"2,105,000",25.8%,"603,000",30.0%,"705,000",34.8%,"508,000",33.6%,"543,000",28.8%,"33,000",29.6%,"8,336,000"
Unemployed and not looking for work ,2014,34.2%,"60,000",42.4%,"59,000",30.1%,"31,000",37.8%,"42,000",26.4%,"18,000",43.6%,"22,000",42.8%,"36,000",40.0%,"28,000",43.2%,"22,000",43.2%,"35,000",44.7%,"65,000",34.5%,"485,000",29.9%,"359,000",24.6%,"205,000",22.1%,"153,000",17.8%,"103,000",33.2%,"127,000",24.3%,"77,000",31.5%,"62,000",26.6%,"28,000",30.9%,"333,000",29.2%,"82,000",17.9%,"28,000",39.1%,"57,000",37.5%,"251,000",36.7%,"210,000",34.7%,"174,000",27.4%,"105,000",38.2%,"119,000",34.2%,"62,000",23.6%,"23,000",27.9%,"29,000",31.3%,"197,000",27.8%,"89,000",28.8%,"59,000",21.1%,"43,000",19.9%,"59,000",52.4%,"22,000",27.8%,"2,105,000",25.1%,"596,000",32.7%,"777,000",24.4%,"362,000",33.4%,"552,000",23.8%,"28,000",29.4%,"8,379,000"
Unemployed and not looking for work ,2015,41.3%,"73,000",39.6%,"55,000",33.7%,"35,000",51.6%,"57,000",27.1%,"18,000",50.2%,"26,000",52.5%,"45,000",28.9%,"21,000",38.5%,"20,000",39.4%,"32,000",49.4%,"73,000",21.7%,"313,000",26.5%,"327,000",35.7%,"303,000",23.4%,"168,000",27.5%,"162,000",30.0%,"117,000",30.6%,"98,000",26.1%,"53,000",26.1%,"28,000",31.4%,"347,000",44.5%,"127,000",35.9%,"58,000",30.2%,"44,000",38.9%,"266,000",35.0%,"209,000",30.6%,"158,000",29.6%,"115,000",29.0%,"92,000",31.7%,"59,000",28.8%,"26,000",35.4%,"37,000",26.7%,"171,000",25.7%,"85,000",25.5%,"53,000",26.2%,"56,000",28.0%,"84,000",23.3%,"10,000",27.7%,"2,118,000",26.2%,"632,000",34.7%,"841,000",29.0%,"439,000",37.8%,"643,000",35.8%,"43,000",30.0%,"8,737,000"
Unemployed and not looking for work ,2016,32.6%,"58,000",38.0%,"53,000",38.3%,"40,000",42.2%,"46,000",31.1%,"21,000",55.9%,"29,000",39.3%,"34,000",41.0%,"30,000",35.2%,"19,000",47.0%,"38,000",51.3%,"76,000",31.4%,"458,000",25.3%,"317,000",27.8%,"240,000",22.1%,"160,000",23.9%,"142,000",35.4%,"139,000",32.6%,"106,000",23.0%,"47,000",40.6%,"44,000",33.1%,"371,000",30.1%,"87,000",29.6%,"49,000",47.6%,"70,000",26.1%,"181,000",33.7%,"203,000",38.3%,"202,000",34.9%,"138,000",39.9%,"128,000",31.1%,"59,000",32.4%,"29,000",36.6%,"38,000",31.4%,"202,000",24.1%,"80,000",26.7%,"56,000",44.1%,"95,000",30.1%,"92,000",30.4%,"13,000",31.4%,"2,417,000",28.8%,"701,000",30.2%,"739,000",32.5%,"499,000",30.0%,"520,000",43.7%,"53,000",31.0%,"9,118,000"
Unemployed and not looking for work ,2017,36.3%,"67,000",37.6%,"50,000",37.0%,"37,000",40.5%,"42,000",19.1%,"12,000",42.8%,"21,000",37.6%,"34,000",41.1%,"30,000",43.0%,"29,000",40.2*,"31,000",37.5%,"51,000",30.0%,"439,000",28.0%,"352,000",32.2%,"296,000",29.6%,"202,000",27.4%,"181,000",41.7%,"160,000",29.4%,"86,000",34.1%,"69,000",33.9%,"29,000",33.5%,"378,000",34.6%,"114,000",30.2%,"49,000",36.2*,"43,000",29.9%,"208,000",37.0%,"203,000",37.7%,"213,000",35.9%,"155,000",26.3%,"88,000",36.9%,"62,000",44.6%,"42,000",38.0%,"36,000",26.6%,"185,000",30.5%,"104,000",29.3%,"53,000",54.9%,"96,000",29.3%,"89,000",34.1*,"13,000",30.8%,"2,400,000",29.2%,"707,000",29.2%,"705,000",36.3%,"558,000",35.2%,"612,000",47.6%,"58,000",31.9%,"9,388,000"
Unemployed and not looking for work ,2018,39.8%,"65,000",35.5%,"50,000",30.4%,"29,000",43.9%,"45,000",30.1%,"22,000",57.8%,"32,000",39.6%,"33,000",35.4%,"28,000",46.9%,"28,000",42.0%,"37,000",45.4%,"62,000",28.3%,"419,000",27.5%,"349,000",30.9%,"288,000",26.4%,"186,000",34.6%,"214,000",41.8%,"171,000",25.6%,"74,000",30.8%,"53,000",33.6%,"39,000",32.5%,"371,000",28.0%,"85,000",29.7%,"51,000",32.9%,"49,000",35.2%,"248,000",36.5%,"241,000",31.1%,"190,000",40.6%,"149,000",41.2%,"118,000",30.1%,"45,000",25.4%,"29,000",51.9%,"43,000",27.7%,"169,000",26.6%,"101,000",24.3%,"48,000",35.7%,"71,000",35.4%,"109,000",35.5*,"17,000",31.7%,"2,478,000",29.1%,"712,000",32.4%,"789,000",36.0%,"558,000",34.4%,"608,000",48.5%,"59,000",32.2%,"9,566,000"
Unemployed and not looking for work ,2019,38.4%,"64,000",49.1%,"68,000",40.2%,"42,000",49.1%,"46,000",44.0%,"32,000",42.3%,"20,000",37.1%,"32,000",33.8%,"26,000",36.9%,"21,000",48.5%,"38,000",44.0%,"67,000",26.2%,"387,000",27.1%,"342,000",30.4%,"270,000",25.5%,"185,000",24.9%,"149,000",36.7%,"149,000",30.5%,"100,000",31.8%,"62,000",25.5%,"25,000",29.9%,"344,000",39.6%,"120,000",27.7%,"46,000",42.3%,"68,000",27.4%,"197,000",35.6%,"216,000",42.4%,"235,000",38.9%,"157,000",31.5%,"105,000",31.0%,"61,000",21.9%,"22,000",37.7%,"40,000",28.7%,"185,000",25.7%,"89,000",32.6%,"74,000",28.8%,"55,000",18.7%,"56,000",24.2%,"7,000",29.3%,"2,260,000",28.3%,"689,000",29.2%,"712,000",32.6%,"511,000",32.5%,"582,000",33.5%,"42,000",30.3%,"8,999,000"
Unemployed and not looking for work ,2020,33.4%,"54,000",42.3%,"56,000",30.9%,"31,000",58.1%,"64,000",33.7%,"22,000",48.8%,"23,000",44.7%,"39,000",32.5%,"24,000",35.2%,"20,000",36.7%,"28,000",43.2%,"64,000",20.3%,"299,000",25.3%,"319,000",27.8%,"248,000",22.1%,"161,000",28.4%,"169,000",29.8%,"115,000",29.7%,"97,000",24.3%,"49,000",30.4%,"33,000",28.7%,"333,000",36.3%,"113,000",32.4%,"55,000",44.0%,"70,000",29.5%,"214,000",32.8%,"201,000",29.2%,"164,000",31.5%,"128,000",33.3%,"112,000",46.5%,"93,000",30.7%,"31,000",34.1%,"37,000",32.1%,"209,000",27.5%,"90,000",31.6%,"67,000",34.0%,"62,000",23.5%,"73,000",45.7%,"22,000",30.0%,"2,309,000",26.8%,"651,000",28.3%,"691,000",28.5%,"448,000",32.8%,"595,000",43.9%,"55,000",29.4%,"8,738,000"
Unemployed and not looking for work ,2021,29.8%,"47,000",34.8%,"47,000",32.8%,"33,000",38.7%,"40,000",31.5%,"22,000",36.0%,"19,000",39.7%,"34,000",31.0%,"22,000",34.8%,"19,000",43.0%,"32,000",40.0%,"59,000",26.9%,"401,000",24.8%,"316,000",35.8%,"319,000",19.7%,"144,000",30.0%,"180,000",37.6%,"139,000",36.1%,"123,000",36.5%,"73,000",28.9%,"31,000",31.5%,"365,000",33.5%,"106,000",21.3%,"35,000",38.9%,"59,000",29.1%,"208,000",34.6%,"210,000",35.2%,"195,000",31.5%,"127,000",31.8%,"106,000",31.6%,"62,000",28.4%,"27,000",37.2%,"40,000",33.8%,"216,000",28.6%,"94,000",36.6%,"73,000",33.0%,"68,000",28.1%,"85,000",31.0%,"15,000",29.8%,"2,307,000",27.0%,"654,000",29.8%,"723,000",33.3%,"518,000",33.5%,"602,000",33.8%,"41,000",30.5%,"9,037,000"
Unemployed and not looking for work ,2022,26.6%,"43,000",42.4%,"59,000",38.9%,"40,000",43.5%,"47,000",38.1%,"26,000",43.6%,"22,000",38.1%,"34,000",32.5%,"25,000",37.6%,"22,000",45.1%,"36,000",51.9%,"76,000",22.2%,"322,000",28.5%,"362,000",33.4%,"302,000",25.1%,"171,000",25.6%,"149,000",45.1%,"173,000",42.9%,"146,000",30.6%,"62,000",37.9%,"38,000",32.4%,"385,000",37.1%,"123,000",20.1%,"34,000",29.5%,"45,000",31.0%,"222,000",37.6%,"231,000",32.1%,"183,000",32.3%,"130,000",31.3%,"104,000",41.1%,"83,000",31.6%,"30,000",35.2%,"38,000",30.6%,"196,000",23.6%,"77,000",23.4%,"47,000",41.1%,"88,000",31.4%,"95,000",23.4%,"12,000",29.1%,"2,206,000",27.3%,"662,000",30.5%,"735,000",32.8%,"519,000",33.2%,"605,000",42.3%,"50,000",30.6%,"9,060,000"
Unemployed and not looking for work ,2023,34.6%,"56,000",50.9%,"71,000",42.8%,"44,000",40.1%,"41,000",29.3%,"21,000",43.8%,"23,000",31.6%,"27,000",32.4%,"25,000",32.4%,"19,000",38.1%,"32,000",47.6%,"73,000",31.6%,"455,000",23.1%,"286,000",34.1%,"303,000",26.9%,"182,000",32.3%,"185,000",35.1%,"133,000",41.2%,"141,000",40.4%,"82,000",36.2%,"38,000",31.0%,"366,000",41.5%,"135,000",26.4%,"46,000",40.6%,"60,000",34.2%,"246,000",27.2%,"172,000",29.9%,"172,000",35.5%,"141,000",40.0%,"133,000",33.1%,"66,000",30.0%,"30,000",34.9%,"39,000",37.6%,"235,000",29.5%,"93,000",40.0%,"83,000",39.2%,"81,000",25.4%,"77,000",26.8%,"13,000",29.7%,"2,196,000",30.7%,"731,000",29.8%,"708,000",35.8%,"562,000",34.0%,"625,000",39.1%,"47,000",31.8%,"9,293,000"
Total ,2011,100.0%,"170,000",100.0%,"136,000",100.0%,"103,000",100.0%,"111,000",100.0%,"67,000",100.0%,"51,000",100.0%,"84,000",100.0%,"66,000",100.0%,"50,000",100.0%,"81,000",100.0%,"149,000",100.0%,"1,331,000",100.0%,"1,133,000",100.0%,"800,000",100.0%,"667,000",100.0%,"557,000",100.0%,"360,000",100.0%,"300,000",100.0%,"192,000",100.0%,"98,000",100.0%,"1,037,000",100.0%,"263,000",100.0%,"148,000",100.0%,"143,000",100.0%,"652,000",100.0%,"548,000",100.0%,"451,000",100.0%,"350,000",100.0%,"306,000",100.0%,"176,000",100.0%,"95,000",100.0%,"102,000",100.0%,"611,000",100.0%,"306,000",100.0%,"196,000",100.0%,"199,000",100.0%,"280,000",100.0%,"40,000",100.0%,"7,201,000",100.0%,"2,247,000",100.0%,"2,237,000",100.0%,"1,437,000",100.0%,"1,558,000",100.0%,"117,000",100.0%,"27,204,000"
Total ,2012,100.0%,"170,000",100.0%,"137,000",100.0%,"104,000",100.0%,"109,000",100.0%,"67,000",100.0%,"50,000",100.0%,"83,000",100.0%,"69,000",100.0%,"51,000",100.0%,"79,000",100.0%,"145,000",100.0%,"1,362,000",100.0%,"1,158,000",100.0%,"804,000",100.0%,"679,000",100.0%,"565,000",100.0%,"374,000",100.0%,"304,000",100.0%,"194,000",100.0%,"102,000",100.0%,"1,055,000",100.0%,"272,000",100.0%,"153,000",100.0%,"140,000",100.0%,"650,000",100.0%,"557,000",100.0%,"486,000",100.0%,"372,000",100.0%,"304,000",100.0%,"177,000",100.0%,"95,000",100.0%,"100,000",100.0%,"616,000",100.0%,"311,000",100.0%,"200,000",100.0%,"202,000",100.0%,"288,000",100.0%,"41,000",100.0%,"7,402,000",100.0%,"2,305,000",100.0%,"2,321,000",100.0%,"1,441,000",100.0%,"1,589,000",100.0%,"114,000",100.0%,"27,796,000"
Total ,2013,100.0%,"171,000",100.0%,"137,000",100.0%,"104,000",100.0%,"110,000",100.0%,"67,000",100.0%,"50,000",100.0%,"84,000",100.0%,"70,000",100.0%,"51,000",100.0%,"79,000",100.0%,"145,000",100.0%,"1,382,000",100.0%,"1,177,000",100.0%,"817,000",100.0%,"686,000",100.0%,"570,000",100.0%,"377,000",100.0%,"311,000",100.0%,"195,000",100.0%,"103,000",100.0%,"1,063,000",100.0%,"276,000",100.0%,"155,000",100.0%,"143,000",100.0%,"660,000",100.0%,"567,000",100.0%,"492,000",100.0%,"377,000",100.0%,"308,000",100.0%,"179,000",100.0%,"95,000",100.0%,"101,000",100.0%,"623,000",100.0%,"316,000",100.0%,"203,000",100.0%,"203,000",100.0%,"290,000",100.0%,"41,000",100.0%,"7,510,000",100.0%,"2,336,000",100.0%,"2,349,000",100.0%,"1,458,000",100.0%,"1,615,000",100.0%,"115,000",100.0%,"28,162,000"
Total ,2014,100.0%,"174,000",100.0%,"138,000",100.0%,"103,000",100.0%,"111,000",100.0%,"68,000",100.0%,"50,000",100.0%,"84,000",100.0%,"70,000",100.0%,"51,000",100.0%,"80,000",100.0%,"146,000",100.0%,"1,407,000",100.0%,"1,200,000",100.0%,"832,000",100.0%,"694,000",100.0%,"577,000",100.0%,"382,000",100.0%,"315,000",100.0%,"198,000",100.0%,"105,000",100.0%,"1,077,000",100.0%,"282,000",100.0%,"156,000",100.0%,"145,000",100.0%,"670,000",100.0%,"573,000",100.0%,"501,000",100.0%,"381,000",100.0%,"312,000",100.0%,"182,000",100.0%,"97,000",100.0%,"102,000",100.0%,"631,000",100.0%,"320,000",100.0%,"204,000",100.0%,"205,000",100.0%,"294,000",100.0%,"42,000",100.0%,"7,577,000",100.0%,"2,374,000",100.0%,"2,373,000",100.0%,"1,483,000",100.0%,"1,653,000",100.0%,"117,000",100.0%,"28,539,000"
Total ,2015,100.0%,"176,000",100.0%,"139,000",100.0%,"104,000",100.0%,"110,000",100.0%,"68,000",100.0%,"51,000",100.0%,"85,000",100.0%,"72,000",100.0%,"53,000",100.0%,"80,000",100.0%,"148,000",100.0%,"1,443,000",100.0%,"1,234,000",100.0%,"851,000",100.0%,"716,000",100.0%,"589,000",100.0%,"389,000",100.0%,"319,000",100.0%,"201,000",100.0%,"106,000",100.0%,"1,105,000",100.0%,"285,000",100.0%,"162,000",100.0%,"145,000",100.0%,"684,000",100.0%,"599,000",100.0%,"516,000",100.0%,"388,000",100.0%,"317,000",100.0%,"186,000",100.0%,"91,000",100.0%,"104,000",100.0%,"640,000",100.0%,"329,000",100.0%,"208,000",100.0%,"213,000",100.0%,"302,000",100.0%,"42,000",100.0%,"7,658,000",100.0%,"2,414,000",100.0%,"2,425,000",100.0%,"1,513,000",100.0%,"1,702,000",100.0%,"120,000",100.0%,"29,083,000"
Total ,2016,100.0%,"177,000",100.0%,"138,000",100.0%,"106,000",100.0%,"110,000",100.0%,"68,000",100.0%,"51,000",100.0%,"86,000",100.0%,"72,000",100.0%,"53,000",100.0%,"81,000",100.0%,"148,000",100.0%,"1,458,000",100.0%,"1,251,000",100.0%,"865,000",100.0%,"722,000",100.0%,"595,000",100.0%,"392,000",100.0%,"324,000",100.0%,"203,000",100.0%,"107,000",100.0%,"1,122,000",100.0%,"290,000",100.0%,"166,000",100.0%,"147,000",100.0%,"692,000",100.0%,"604,000",100.0%,"527,000",100.0%,"395,000",100.0%,"320,000",100.0%,"189,000",100.0%,"91,000",100.0%,"105,000",100.0%,"644,000",100.0%,"331,000",100.0%,"210,000",100.0%,"216,000",100.0%,"306,000",100.0%,"43,000",100.0%,"7,708,000",100.0%,"2,437,000",100.0%,"2,448,000",100.0%,"1,535,000",100.0%,"1,734,000",100.0%,"122,000",100.0%,"29,390,000"
Total ,2017,100.0%,"186,000",100.0%,"133,000",100.0%,"100,000",100.0%,"103,000",100.0%,"65,000",100.0%,"49,000",100.0%,"90,000",100.0%,"73,000",100.0%,"69,000",100.0%,"78,000",100.0%,"136,000",100.0%,"1,465,000",100.0%,"1,258,000",100.0%,"919,000",100.0%,"681,000",100.0%,"662,000",100.0%,"384,000",100.0%,"291,000",100.0%,"201,000",100.0%,"86,000",100.0%,"1,128,000",100.0%,"330,000",100.0%,"161,000",100.0%,"119,000",100.0%,"696,000",100.0%,"549,000",100.0%,"565,000",100.0%,"432,000",100.0%,"334,000",100.0%,"168,000",100.0%,"94,000",100.0%,"94,000",100.0%,"697,000",100.0%,"342,000",100.0%,"180,000",100.0%,"175,000",100.0%,"303,000",100.0%,"37,000",100.0%,"7,784,000",100.0%,"2,426,000",100.0%,"2,417,000",100.0%,"1,536,000",100.0%,"1,739,000",100.0%,"121,000",100.0%,"29,456,000"
Total ,2018,100.0%,"164,000",100.0%,"141,000",100.0%,"95,000",100.0%,"103,000",100.0%,"74,000",100.0%,"56,000",100.0%,"84,000",100.0%,"81,000",100.0%,"61,000",100.0%,"89,000",100.0%,"136,000",100.0%,"1,478,000",100.0%,"1,270,000",100.0%,"931,000",100.0%,"703,000",100.0%,"619,000",100.0%,"409,000",100.0%,"290,000",100.0%,"173,000",100.0%,"115,000",100.0%,"1,143,000",100.0%,"303,000",100.0%,"171,000",100.0%,"148,000",100.0%,"706,000",100.0%,"659,000",100.0%,"611,000",100.0%,"366,000",100.0%,"287,000",100.0%,"149,000",100.0%,"114,000",100.0%,"82,000",100.0%,"609,000",100.0%,"381,000",100.0%,"200,000",100.0%,"198,000",100.0%,"309,000",100.0%,"47,000",100.0%,"7,816,000",100.0%,"2,448,000",100.0%,"2,435,000",100.0%,"1,553,000",100.0%,"1,770,000",100.0%,"122,000",100.0%,"29,699,000"
Total ,2019,100.0%,"166,000",100.0%,"138,000",100.0%,"104,000",100.0%,"94,000",100.0%,"73,000",100.0%,"48,000",100.0%,"86,000",100.0%,"76,000",100.0%,"56,000",100.0%,"79,000",100.0%,"153,000",100.0%,"1,475,000",100.0%,"1,263,000",100.0%,"890,000",100.0%,"726,000",100.0%,"597,000",100.0%,"407,000",100.0%,"327,000",100.0%,"194,000",100.0%,"98,000",100.0%,"1,151,000",100.0%,"304,000",100.0%,"168,000",100.0%,"160,000",100.0%,"719,000",100.0%,"608,000",100.0%,"554,000",100.0%,"405,000",100.0%,"333,000",100.0%,"198,000",100.0%,"100,000",100.0%,"107,000",100.0%,"644,000",100.0%,"345,000",100.0%,"228,000",100.0%,"190,000",100.0%,"303,000",100.0%,"28,000",100.0%,"7,723,000",100.0%,"2,432,000",100.0%,"2,441,000",100.0%,"1,566,000",100.0%,"1,792,000",100.0%,"125,000",100.0%,"29,669,000"
Total ,2020,100.0%,"162,000",100.0%,"132,000",100.0%,"101,000",100.0%,"111,000",100.0%,"66,000",100.0%,"47,000",100.0%,"87,000",100.0%,"75,000",100.0%,"56,000",100.0%,"76,000",100.0%,"149,000",100.0%,"1,474,000",100.0%,"1,262,000",100.0%,"892,000",100.0%,"725,000",100.0%,"596,000",100.0%,"384,000",100.0%,"327,000",100.0%,"201,000",100.0%,"109,000",100.0%,"1,161,000",100.0%,"311,000",100.0%,"169,000",100.0%,"159,000",100.0%,"726,000",100.0%,"611,000",100.0%,"561,000",100.0%,"407,000",100.0%,"336,000",100.0%,"201,000",100.0%,"101,000",100.0%,"108,000",100.0%,"650,000",100.0%,"328,000",100.0%,"211,000",100.0%,"182,000",100.0%,"312,000",100.0%,"48,000",100.0%,"7,695,000",100.0%,"2,427,000",100.0%,"2,440,000",100.0%,"1,574,000",100.0%,"1,812,000",100.0%,"124,000",100.0%,"29,685,000"
Total ,2021,100.0%,"158,000",100.0%,"136,000",100.0%,"100,000",100.0%,"104,000",100.0%,"71,000",100.0%,"52,000",100.0%,"85,000",100.0%,"70,000",100.0%,"56,000",100.0%,"75,000",100.0%,"148,000",100.0%,"1,491,000",100.0%,"1,276,000",100.0%,"890,000",100.0%,"729,000",100.0%,"601,000",100.0%,"371,000",100.0%,"342,000",100.0%,"200,000",100.0%,"106,000",100.0%,"1,160,000",100.0%,"316,000",100.0%,"163,000",100.0%,"153,000",100.0%,"715,000",100.0%,"606,000",100.0%,"555,000",100.0%,"403,000",100.0%,"332,000",100.0%,"198,000",100.0%,"95,000",100.0%,"108,000",100.0%,"638,000",100.0%,"328,000",100.0%,"201,000",100.0%,"207,000",100.0%,"303,000",100.0%,"48,000",100.0%,"7,744,000",100.0%,"2,420,000",100.0%,"2,425,000",100.0%,"1,555,000",100.0%,"1,798,000",100.0%,"122,000",100.0%,"29,650,000"
Total ,2022,100.0%,"161,000",100.0%,"140,000",100.0%,"103,000",100.0%,"107,000",100.0%,"69,000",100.0%,"51,000",100.0%,"89,000",100.0%,"78,000",100.0%,"59,000",100.0%,"80,000",100.0%,"147,000",100.0%,"1,454,000",100.0%,"1,270,000",100.0%,"905,000",100.0%,"681,000",100.0%,"582,000",100.0%,"384,000",100.0%,"340,000",100.0%,"201,000",100.0%,"100,000",100.0%,"1,187,000",100.0%,"332,000",100.0%,"167,000",100.0%,"153,000",100.0%,"717,000",100.0%,"614,000",100.0%,"572,000",100.0%,"404,000",100.0%,"334,000",100.0%,"202,000",100.0%,"94,000",100.0%,"109,000",100.0%,"641,000",100.0%,"327,000",100.0%,"201,000",100.0%,"214,000",100.0%,"303,000",100.0%,"51,000",100.0%,"7,573,000",100.0%,"2,428,000",100.0%,"2,413,000",100.0%,"1,582,000",100.0%,"1,822,000",100.0%,"118,000",100.0%,"29,561,000"
Total ,2023,100.0%,"162,000",100.0%,"139,000",100.0%,"104,000",100.0%,"103,000",100.0%,"72,000",100.0%,"52,000",100.0%,"86,000",100.0%,"76,000",100.0%,"58,000",100.0%,"83,000",100.0%,"154,000",100.0%,"1,440,000",100.0%,"1,235,000",100.0%,"890,000",100.0%,"677,000",100.0%,"573,000",100.0%,"378,000",100.0%,"341,000",100.0%,"202,000",100.0%,"105,000",100.0%,"1,183,000",100.0%,"324,000",100.0%,"173,000",100.0%,"148,000",100.0%,"717,000",100.0%,"633,000",100.0%,"574,000",100.0%,"397,000",100.0%,"333,000",100.0%,"200,000",100.0%,"101,000",100.0%,"112,000",100.0%,"626,000",100.0%,"315,000",100.0%,"208,000",100.0%,"208,000",100.0%,"305,000",100.0%,"48,000",100.0%,"7,389,000",100.0%,"2,384,000",100.0%,"2,373,000",100.0%,"1,572,000",100.0%,"1,838,000",100.0%,"120,000",100.0%,"29,211,000"
